trade_id,asset,signal_time,entry_time,exit_time,entry_price,exit_price,position_size,net_pnl,pnl_pct,fees,target_realized_r,target_mfe_r,target_mae_r,target_hit_1r,target_hit_2r,target_hit_3r,target_exit_reason,target_holding_bars,channel_width_pct,channel_width_change,breakout_magnitude_pct,breakout_close_position,dist_to_ema200_pct,ema50_slope_5,natr,atr_expansion,vol_ratio,breakout_volume_zscore,asset_ret_24h,asset_ret_7d,btc_ret_24h,btc_natr,compression_duration_bars,natr_percentile_55,range_contraction_ratio,channel_tightness_to_atr,resistance_touch_count,pre_breakout_runup_5b,volume_trend_slope_10b,volume_percentile_55,macro_btc_natr_percentile_55,provenance_sequence_max_time,provenance_asset_time,provenance_btc_time
BTCUSDT_001,BTCUSDT,2025-01-17 00:00:00,2025-01-17 04:00:00,2025-01-27 04:00:00,101082.04551899999,101365.22130800001,0.002967886121216356,0.5400132772906355,0.1800044257635452,0.3004202167470188,0.063101740366931,2.9498992716124586,1.1459360579083415,1,1,0,Breakdown below 20-bar Lower Channel ($102195.70),61,9.516571363993476,-0.2947908985275397,0.18347985350163518,0.5010376087668801,5.936893275446403,0.7350964027556778,1.4267310698900737,0.9127165774970885,1.4046376923296995,0.8204216389305754,1.581957342741907,7.85048432630034,1.581957342741907,1.4267310698900737,8,0.2545454545454545,0.34386782937075455,6.82594190960772,6,0.5119421846210707,-0.029869988524584116,0.6,0.2545454545454545,2025-01-16 20:00:00,2025-01-17 00:00:00,2025-01-17 00:00:00
BNBUSDT_001,BNBUSDT,2025-01-17 08:00:00,2025-01-17 12:00:00,2025-01-18 04:00:00,725.01744,705.2669278571428,0.413783149823265,-8.468342910531536,-2.8227809701771784,0.29591378543745295,-1.0592205566543462,0.2563247319778223,1.4655976340110877,0,0,0,STOP_LOSS,5,4.512969094922743,-0.5526120058828367,0.80527391830433,0.952380952380944,3.239595539374121,0.4342632287074241,1.3328800063071575,0.9922490846811048,1.490042291201515,1.072790815310632,1.5851658747845023,4.003443822643131,3.105012156773721,1.4287398038630446,4,0.41818181818181815,0.5658819931012274,3.4811098404610084,9,0.1289436432185397,-0.012377304907992936,0.6909090909090909,0.32727272727272727,2025-01-17 04:00:00,2025-01-17 08:00:00,2025-01-17 08:00:00
SOLUSDT_001,SOLUSDT,2025-01-17 08:00:00,2025-01-17 12:00:00,2025-01-27 00:00:00,218.835631,240.417853,0.772546632763349,16.495875567326557,9.75736682386974,0.1773973663245183,1.6579940854797592,5.97848677759291,0.24658255130338447,1,1,1,Breakdown below 20-bar Lower Channel ($242.19),58,16.117383553503675,-0.2963747251004226,0.7506677719443787,0.8564814814814846,12.083361434293467,1.8531422255377603,2.9434043581321507,1.2218758447944875,1.2385994738808341,0.3425112467221295,2.8151142024626417,13.960514663749551,3.105012156773721,1.4287398038630446,4,0.8363636363636363,0.3340896198712161,5.714748775178694,3,0.23028480120312486,0.0010846910766797633,0.8363636363636363,0.32727272727272727,2025-01-17 04:00:00,2025-01-17 08:00:00,2025-01-17 08:00:00
BNBUSDT_002,BNBUSDT,2025-02-12 12:00:00,2025-02-12 16:00:00,2025-02-18 08:00:00,659.1976999999999,651.3145470000001,0.33511616553144413,-2.8613589252059755,-1.2952728936250646,0.21958691954831838,-0.29061977956092144,2.4779543907420036,0.557784206943499,1,1,0,Breakdown below 20-bar Lower Channel ($652.00),35,8.85749404391569,-0.24896526737089925,0.6691006859045837,0.8509090909090912,1.4392231293125108,0.9085620476033677,2.229168879649161,0.973054812347815,2.1136827440399606,1.6622010988276605,3.3369399883959745,15.583891675728772,-1.2281005402364187,1.17869221789353,7,0.2545454545454545,0.49357546676485015,4.45523933800167,2,1.3250537077982047,0.0035998810760111957,0.6,0.23636363636363636,2025-02-12 08:00:00,2025-02-12 12:00:00,2025-02-12 12:00:00
BNBUSDT_003,BNBUSDT,2025-03-15 20:00:00,2025-03-16 00:00:00,2025-03-16 08:00:00,620.005946,602.9547735714286,0.47838426609102036,-8.449535191378677,-2.8487876450715524,0.29252258314516205,-1.058005900380791,0.16736589080951358,1.614081995550237,0,0,0,STOP_LOSS,3,10.996563573883156,-0.05577277322427526,0.5401459854014665,0.9846335697399533,2.0441573155886643,0.8752001384410157,1.3466826157402605,0.6523881162679206,0.7107682969165776,-0.2033819421869113,5.45630869742753,4.50682852807284,0.42298935977672353,1.153211648550429,13,0.36363636363636365,0.425616197120655,6.540818418563884,2,4.042466312780725,0.05064536284570357,0.5818181818181818,0.01818181818181818,2025-03-15 16:00:00,2025-03-15 20:00:00,2025-03-15 20:00:00
BNBUSDT_004,BNBUSDT,2025-03-17 00:00:00,2025-03-17 04:00:00,2025-03-29 04:00:00,625.637635,612.836094,0.45880222557295136,-6.15748275315279,-2.145135956295208,0.2841072515894162,-0.6337388360192927,0.9086383904479213,1.068965495143015,0,0,0,Breakdown below 20-bar Lower Channel ($615.30),73,8.261251898632977,-0.1146630614767799,0.4254977520873621,0.8550036523009528,2.9936963176550724,0.6519284642903386,1.6929525027694319,0.9971915299288162,2.6009452159775956,3.0133863780868753,2.6354223075534646,11.5580130206011,-0.7786929664230856,1.1456456311620238,3,0.18181818181818182,0.31914070053819654,5.625038874125156,2,-1.1798683929831375,-0.024464942941874342,0.4909090909090909,0.09090909090909091,2025-03-16 20:00:00,2025-03-17 00:00:00,2025-03-17 00:00:00
BTCUSDT_002,BTCUSDT,2025-03-19 16:00:00,2025-03-19 20:00:00,2025-03-28 08:00:00,85459.010014,85187.416106,0.003512350586954076,-1.2536180596490534,-0.4176471515426289,0.2996850374720987,-0.14819106479867392,1.3728170196536613,0.9482112463929708,1,0,0,Breakdown below 20-bar Lower Channel ($85800.00),52,4.886907201845465,-0.031818353217998786,0.14496591302443562,0.7821712878634568,-2.779487372011305,0.12699188079898224,1.409573668478794,1.0851373364524057,2.772910264399523,3.0545245153028007,3.7855631890342223,3.0361475774317572,3.7855631890342223,1.409573668478794,12,0.23636363636363636,0.7577805232028169,3.883591970559225,13,2.934793343943504,0.04192136269603225,0.4909090909090909,0.23636363636363636,2025-03-19 12:00:00,2025-03-19 16:00:00,2025-03-19 16:00:00
SOLUSDT_002,SOLUSDT,2025-03-24 00:00:00,2025-03-24 04:00:00,2025-03-28 04:00:00,138.201448,133.21288128571427,2.0541117762849606,-10.52583131961662,-3.707829370158686,0.2787576850191349,-1.044247952037845,1.8908257350800504,1.3901058515283806,1,0,0,STOP_LOSS,25,8.613202084539669,-0.05073826887251998,1.0606393094872273,0.9532710280373815,-4.504080049606,0.5731647491490468,1.7758913061460897,0.9107419795711746,2.7294338894545045,3.0975098357423843,5.586549484142149,7.133995037220835,2.7399189237226977,0.6681230603702354,25,0.07272727272727272,0.4681081076020466,5.071537269101503,9,1.5208253725640115,0.013832350329494378,0.4,0.01818181818181818,2025-03-23 20:00:00,2025-03-24 00:00:00,2025-03-24 00:00:00
ETHUSDT_001,ETHUSDT,2025-03-24 08:00:00,2025-03-24 12:00:00,2025-03-25 04:00:00,2093.3978309999998,2037.2457857142858,0.1433076864595261,-8.34299619001628,-2.780998730005426,0.2959764901500669,-1.060177345036287,0.16557450245844102,1.0255855173131436,0,0,0,STOP_LOSS,5,6.8082015701677685,0.02895097780983079,0.6342626876580875,0.6791171477079768,-4.47657280386445,0.5656421880802328,1.3119658907299214,0.9601085017411397,1.7385013866781749,1.3059318518543395,4.221094516461571,9.535274444019915,3.554003726264019,0.7178696252088396,0,0.18181818181818182,0.7152582818139195,5.363015538122218,4,3.045303559245216,0.13781481143174307,0.7090909090909091,0.01818181818181818,2025-03-24 04:00:00,2025-03-24 08:00:00,2025-03-24 08:00:00
SOLUSDT_003,SOLUSDT,2025-04-12 04:00:00,2025-04-12 08:00:00,2025-04-16 08:00:00,124.297278,124.74256600000001,1.4222693926579313,0.4562186194811315,0.2580652474143591,0.177100873836753,0.045591401949240495,1.6818082030456825,0.11474002030456996,1,0,0,Breakdown below 20-bar Lower Channel ($124.80),25,18.300338000965713,-0.38202977511841846,0.20967741935484283,0.9347368421052656,-2.9415395781714295,1.1064399816657218,2.831045503667428,0.7190463313939798,0.8154400642151488,-0.25064123022981205,6.578608800068618,2.6348393491368727,3.0248037450982466,1.8242435210107457,14,0.10909090909090909,0.3169705468363859,6.783720414452988,3,3.079166309288964,-0.0868752640994723,0.4727272727272727,0.2545454545454545,2025-04-12 00:00:00,2025-04-12 04:00:00,2025-04-12 04:00:00
BTCUSDT_003,BTCUSDT,2025-04-12 12:00:00,2025-04-12 16:00:00,2025-05-05 00:00:00,85033.90251999999,94249.326717,0.0031964586834108996,29.170186978373366,10.731934336701928,0.2865357174422778,2.9431104905195378,4.147987516292266,0.6449043814146802,1,1,1,Breakdown below 20-bar Lower Channel ($95209.07),135,11.434164153189567,-0.30918633641789056,0.3404154863078307,0.7953795721902935,1.2969637793109965,0.6269927285976568,1.8237769107859594,0.7647025073803497,1.0862217818392703,0.10522786216594196,3.0133392727782873,2.8929924208038265,3.0133392727782873,1.8237769107859594,11,0.23636363636363636,0.24569032258038076,6.533374558972507,9,1.2197513043229549,-0.05854899432912476,0.4,0.23636363636363636,2025-04-12 08:00:00,2025-04-12 12:00:00,2025-04-12 12:00:00
SOLUSDT_004,SOLUSDT,2025-04-19 00:00:00,2025-04-19 04:00:00,2025-04-30 16:00:00,138.86164599999998,142.167337,1.649047952942866,5.219527842044813,2.2793741826306917,0.23171513456688275,0.5221832561748808,2.9924222955456115,0.8317587084609932,1,1,0,Breakdown below 20-bar Lower Channel ($144.63),70,9.155741247658835,-0.02816596733160929,1.9236417033773896,0.9390681003584221,7.5423831774054175,1.0853911558941476,2.18319715150143,0.8225657904297152,1.332792929699416,0.5801583133083531,3.2042227343691936,15.510068230986839,0.06567406988259349,0.7197855917062473,10,0.01818181818181818,0.24154209265024182,3.8766884413347182,9,-0.34941640026763726,-0.08924538306108053,0.16363636363636364,0.01818181818181818,2025-04-18 20:00:00,2025-04-19 00:00:00,2025-04-19 00:00:00
BNBUSDT_005,BNBUSDT,2025-04-21 00:00:00,2025-04-21 04:00:00,2025-04-24 08:00:00,602.4406779999999,594.2502428571429,0.48505852067632027,-4.26307291797843,-1.4588624115593933,0.2902325638888746,-1.1236797118355988,2.2437489315068637,1.2594474155251043,1,1,0,STOP_LOSS,20,2.2249896222498924,-0.3215608178518046,0.2947641886490777,0.8430182133564658,1.329716972880555,0.15992504155674245,0.6493506493506493,0.9743639914859131,2.22333244062018,1.9711402684479988,1.6284171447856863,2.388643318599108,2.391427096374835,0.7458911695866299,3,0.07272727272727272,0.8588888879345699,3.960312422325427,11,0.028687141410725456,-0.020130107756601505,0.45454545454545453,0.12727272727272726,2025-04-20 20:00:00,2025-04-21 00:00:00,2025-04-21 00:00:00
ETHUSDT_002,ETHUSDT,2025-04-22 12:00:00,2025-04-22 16:00:00,2025-05-05 00:00:00,1703.5109,1808.317342,0.12618650298442094,13.003585743749596,6.049302524509827,0.22157266246995339,1.319710382643614,2.1727290523234517,0.26164709110867224,1,1,0,Breakdown below 20-bar Lower Channel ($1810.00),75,9.056905126804892,0.13198724409058246,0.6804611291752877,0.7696038803556998,-2.927235838707817,0.23139161977995915,2.2925794412749876,1.6683530271830136,4.131744695435237,3.5061049269508455,4.910367769358716,5.057926490728061,3.2822040597513964,1.325585966192002,1,0.4909090909090909,0.8305210304691323,4.5109778758036745,2,0.4761904761904774,0.027865527471867362,0.8,0.4909090909090909,2025-04-22 08:00:00,2025-04-22 12:00:00,2025-04-22 12:00:00
BNBUSDT_006,BNBUSDT,2025-05-08 00:00:00,2025-05-08 04:00:00,2025-05-31 00:00:00,611.1833,655.163392,0.4760275062988891,20.63432559260443,7.092294349992878,0.30140792895130375,4.049491933511294,8.08523822234088,0.27963565994928485,1,1,1,Breakdown below 20-bar Lower Channel ($660.37),138,4.4517913550140005,-0.007185058709579055,0.03929594760540468,0.9990196078431381,2.0716945766833783,0.16522909824150467,0.8759787978760459,1.2403370218396117,1.7110344829859707,1.9556696457535314,1.491669573595126,1.9574141441110735,2.74165888656666,1.1610515447926375,2,0.7818181818181819,0.4380877741230072,5.619834699132593,10,0.1146160362784762,-0.055603753760912554,0.7090909090909091,0.7818181818181819,2025-05-07 20:00:00,2025-05-08 00:00:00,2025-05-08 00:00:00
BTCUSDT_004,BTCUSDT,2025-05-08 00:00:00,2025-05-08 04:00:00,2025-05-12 20:00:00,99182.53583699999,101829.43200300001,0.003110799417004873,7.921309093881476,2.5673775736737072,0.3126539561838371,1.1059576977714993,2.882569356288803,0.1994787407217548,1,1,0,Breakdown below 20-bar Lower Channel ($102315.14),29,4.557289815042011,-0.021764082854202667,1.2841322518011016,0.9704040615022582,8.991377980369691,0.4456209360647202,1.1610515447926375,1.2601531221393174,2.1666834648870346,2.5154047336019363,2.74165888656666,4.61075134043589,2.74165888656666,1.1610515447926375,6,0.7818181818181819,0.3889001148096704,4.2424794369029195,16,0.5425518797101615,-0.043784064955390035,0.4909090909090909,0.7818181818181819,2025-05-07 20:00:00,2025-05-08 00:00:00,2025-05-08 00:00:00
ETHUSDT_003,ETHUSDT,2025-05-08 00:00:00,2025-05-08 04:00:00,2025-05-18 20:00:00,1901.6603269999998,2407.47754,0.1409817343815958,71.00723310371555,26.485415766182737,0.30375486508953514,7.123797273171894,11.836248431027869,0.1338067305166565,1,1,1,Breakdown below 20-bar Lower Channel ($2446.42),65,6.373678396717694,-0.03306506257622781,1.4910552699434558,0.9421782582092588,6.313115330682281,0.2584922555954133,1.8594873644581722,1.2819509916088871,2.559696246427201,3.104992411370854,4.0854539879987675,5.149917864589954,2.74165888656666,1.1610515447926375,6,0.509090909090909,0.6126530611619738,3.9955248826827754,5,-0.8415093513205794,-0.015762796795365668,0.6545454545454545,0.7818181818181819,2025-05-07 20:00:00,2025-05-08 00:00:00,2025-05-08 00:00:00
SOLUSDT_005,SOLUSDT,2025-05-08 08:00:00,2025-05-08 12:00:00,2025-05-13 04:00:00,154.616371,166.929906,1.799871157649592,21.87340556029778,7.859945090484616,0.28937093491095317,2.1801469254356727,4.815617708867257,0.07828285494617793,1,1,1,Breakdown below 20-bar Lower Channel ($168.31),29,8.138707381768787,-0.05706151891135444,0.3766478342749426,0.8106666666666645,9.276360539684841,0.4588434851728579,1.8031589940757289,1.0692461526951882,1.6294276139062744,1.7250698571659109,4.729317704451514,1.8583196046128454,2.433562640453237,1.0960841801295704,17,0.41818181818181815,0.6903409084371762,4.59843340355665,3,2.696659665288969,0.061644369524815695,0.8727272727272727,0.8363636363636363,2025-05-08 04:00:00,2025-05-08 08:00:00,2025-05-08 08:00:00
SOLUSDT_006,SOLUSDT,2025-05-13 16:00:00,2025-05-13 20:00:00,2025-05-15 04:00:00,182.104615,170.82302342857145,0.9202928694034275,-10.544766673238106,-6.292018129602502,0.16239839453060267,-1.02526380844305,0.2483407260641696,1.1045929311006006,0,0,0,STOP_LOSS,9,8.393298544355947,0.03707834463681165,0.3251405268378725,0.7250859106529233,21.558107020127323,1.2020293987754003,3.06940793345627,1.124608260868791,1.5643786542021083,1.032600704043141,6.325195654713242,25.681739730755965,2.878676614961713,1.384648865835925,5,0.8727272727272727,0.6629581147493726,2.9727626401308145,3,2.844293890900598,-0.06555243975725747,0.6363636363636364,0.9090909090909091,2025-05-13 12:00:00,2025-05-13 16:00:00,2025-05-13 16:00:00
BTCUSDT_005,BTCUSDT,2025-05-18 20:00:00,2025-05-19 00:00:00,2025-05-19 00:00:00,106486.206281,104380.436472,0.0029197525035920473,-6.456165875867396,-2.076516017991572,0.3078392040510608,-1.0825963918612058,0.30473131897184297,1.4451585219094272,0,0,0,STOP_LOSS,1,4.318220802060897,0.005445069946646786,0.4474995282128654,0.9390271731238259,9.838066443397778,0.37605781666959187,0.9593322052118911,1.0566208352882094,2.6396098432788357,2.703037640714099,3.226721705786041,2.2438579304250896,3.226721705786041,0.9593322052118911,0,0.10909090909090909,0.6253978198479755,5.423585091633893,8,0.7343591593443664,0.14309716224425928,0.5454545454545454,0.10909090909090909,2025-05-18 16:00:00,2025-05-18 20:00:00,2025-05-18 20:00:00
BTCUSDT_006,BTCUSDT,2025-05-21 12:00:00,2025-05-21 16:00:00,2025-05-21 16:00:00,109006.03200199999,106106.488501,0.002834490091507411,-8.523594477441655,-2.7586544579444183,0.3048671539624691,-1.060697900279888,0.2959301867358982,1.0188153882512259,0,0,0,STOP_LOSS,1,5.492214380855505,0.1506283527547165,0.915219282669224,0.8450869897363956,10.955719746207041,0.6027916528633472,1.3007859261002812,1.0416202972994928,2.4310536694286244,2.9236065107564824,3.4553715392835542,5.273776825294762,3.4553715392835542,1.3007859261002812,11,0.5272727272727272,0.4835632116682687,4.530059578482843,5,1.1513506411244812,0.0014281988094293659,0.6727272727272727,0.5272727272727272,2025-05-21 08:00:00,2025-05-21 12:00:00,2025-05-21 12:00:00
BTCUSDT_007,BTCUSDT,2025-05-22 00:00:00,2025-05-22 04:00:00,2025-05-23 12:00:00,111814.374252,108206.69253642856,0.0027404297643377046,-10.188074493713032,-3.324878642693068,0.3014761401041718,-1.0496986593012847,0.04676479761598072,1.2701259558731832,0,0,0,STOP_LOSS,9,7.870203873937613,0.5759218157147677,0.8876202668330171,0.9633098130339693,13.411338751845097,0.8932308148650431,1.5842051796558874,1.1792471082497775,1.5570146226230774,0.9859795695182735,4.621007212505682,8.785295468393663,4.621007212505682,1.5842051796558874,0,0.8909090909090909,0.5339510172340706,5.318086490380135,2,2.621027616163037,0.15935638503873542,0.9636363636363636,0.8909090909090909,2025-05-21 20:00:00,2025-05-22 00:00:00,2025-05-22 00:00:00
SOLUSDT_007,SOLUSDT,2025-05-23 00:00:00,2025-05-23 04:00:00,2025-05-23 12:00:00,185.06550299999998,176.177131,1.1577998780559484,-10.500079356512776,-4.900423455472396,0.2091233387969048,-1.0340927385404743,0.3015389965792505,1.3427027366020494,0,0,0,STOP_LOSS,3,11.945945945945944,-0.16185852170518103,0.0649069666810929,0.9346405228758161,16.243706466558884,1.1201032352606288,2.3702702702702707,0.9407347794245432,1.6155488415739612,1.3897568655336383,4.626173509783965,7.171822500289651,-0.6090757593161777,1.5137127350393584,6,0.16363636363636364,0.3101160860640603,5.1704545333578915,3,1.617464087772884,-0.061019768377614345,0.5272727272727272,0.9090909090909091,2025-05-22 20:00:00,2025-05-23 00:00:00,2025-05-23 00:00:00
ETHUSDT_004,ETHUSDT,2025-05-29 00:00:00,2025-05-29 04:00:00,2025-05-29 12:00:00,2763.32875,2644.9362810000002,0.09146932451726296,-11.076624341958917,-4.382272703365449,0.24734517459795213,-1.0370523380619996,0.02972724158602428,1.2110023978761675,0,0,0,STOP_LOSS,3,8.62009049773756,-0.1621162550332928,1.033929113498132,0.7856962769980667,18.540941380600103,0.7262274406372496,2.113484162895926,1.3023447747718537,2.2820407984089663,2.3230914522386072,4.4277360066833795,5.068384780392822,-0.7520968433537542,1.0840382784846974,2,0.38181818181818183,0.37288449087335124,4.469886301853238,3,1.369562669872268,-0.060223938780584976,0.4909090909090909,0.21818181818181817,2025-05-28 20:00:00,2025-05-29 00:00:00,2025-05-29 00:00:00
BTCUSDT_008,BTCUSDT,2025-06-09 08:00:00,2025-06-09 12:00:00,2025-06-12 20:00:00,107791.537763,106349.97828928572,0.002814349096678285,-4.358386093787338,-1.4366899887311901,0.30133449113153443,-1.1243817299245202,1.9883817254455212,1.5390919760154733,1,0,0,STOP_LOSS,21,5.288522438128486,-0.12727227691292178,0.9031724148780161,0.9799393765300594,4.035327790971503,0.18614911885401692,0.6390716593306248,0.6967436091458329,2.380929442826043,2.397523973765756,1.9609844984293672,3.5671832633589835,1.9609844984293672,0.6390716593306248,20,0.01818181818181818,0.2169317958433325,9.556742732340382,19,-0.11922028796241266,0.045980283776218066,0.4909090909090909,0.01818181818181818,2025-06-09 04:00:00,2025-06-09 08:00:00,2025-06-09 08:00:00
ETHUSDT_005,ETHUSDT,2025-06-09 20:00:00,2025-06-10 00:00:00,2025-06-13 00:00:00,2680.934039,2603.008863,0.11912913740085007,-9.597894778684733,-3.0051894704970787,0.3147357799953022,-1.0553726414854585,2.5974058291852136,3.1956253471312515,1,1,0,STOP_LOSS,19,8.316014521683654,-0.30413469694048784,0.009328775915339493,0.8828105183055748,9.714949593395806,0.21993008799537933,1.424184647759625,0.9691893614869078,2.838342559759741,3.239334309081297,6.785320121283123,2.788974499599229,4.283409310155677,0.7842896272670825,0,0.16363636363636364,0.8441353382823956,6.981987422573936,3,2.8193144555607437,0.11864316157476668,0.7272727272727273,0.14545454545454545,2025-06-09 16:00:00,2025-06-09 20:00:00,2025-06-09 20:00:00
BNBUSDT_007,BNBUSDT,2025-06-10 20:00:00,2025-06-11 00:00:00,2025-06-12 12:00:00,673.712053,661.5000618571429,0.4410346505531602,-5.680348650493453,-1.9117361998992877,0.29443740424518305,-1.090435176608609,0.09210968795355472,1.167687119013064,0,0,0,STOP_LOSS,10,3.9999406096420156,-0.21280358461407492,0.011879482648536735,0.926536731634181,3.2869050482451536,0.2636104653582404,0.876856213822258,1.2286293802315507,1.4444880743918669,0.8683991786236795,1.1914420505423766,1.8017200985504553,0.010311707406522461,1.0351509798162821,1,0.34545454545454546,0.5257595770472232,4.806422828177639,18,0.29448000240390676,0.07236186382133206,0.7636363636363637,0.7272727272727273,2025-06-10 16:00:00,2025-06-10 20:00:00,2025-06-10 20:00:00
SOLUSDT_008,SOLUSDT,2025-06-11 00:00:00,2025-06-11 04:00:00,2025-06-12 04:00:00,166.72000099999997,158.70523128571426,1.2708121861412873,-10.39204419746366,-4.9049197944933765,0.2067771754332724,-1.0328830081739413,0.2071453085528746,1.0660412666907204,0,0,0,STOP_LOSS,7,10.67378652426951,0.0067032581597464835,0.6036095853202149,0.803970223325057,4.551953015176641,0.9633895747247989,2.3750953552357523,1.4329114526752,1.6738337225288127,1.2911852446630447,4.7119432053778985,6.457588145120072,0.14140074813799958,1.0614676067573567,1,1.0,0.5255761660901763,4.506242072898968,2,3.73814160959981,0.025774548698127196,0.8181818181818182,0.7454545454545455,2025-06-10 20:00:00,2025-06-11 00:00:00,2025-06-11 00:00:00
SOLUSDT_009,SOLUSDT,2025-06-28 16:00:00,2025-06-28 20:00:00,2025-07-01 20:00:00,150.71520099999998,145.41636200000002,1.5857020535813926,-8.637168097686796,-3.6140380965951553,0.2347882137896838,-0.8681314542463494,1.4782238843351572,0.9347997950819632,1,0,0,Breakdown below 20-bar Lower Channel ($145.61),19,7.745403862746411,-0.05694563586200399,1.2499160002687892,0.5586956521739123,0.49837381056995134,0.573463846729931,2.0821283979178737,0.9915116457736223,1.6636396541731433,1.958681025003927,6.270277895330785,9.753787878787868,0.3976741046106125,0.6762655256897424,10,0.14545454545454545,0.6539462266661343,3.896494143918216,10,4.506982649174769,0.020780500926097522,0.5454545454545454,0.01818181818181818,2025-06-28 12:00:00,2025-06-28 16:00:00,2025-06-28 16:00:00
BTCUSDT_009,BTCUSDT,2025-06-29 08:00:00,2025-06-29 12:00:00,2025-06-29 16:00:00,108509.66313599999,107317.64932942858,0.002783673751950981,-3.6185739576480866,-1.197983133700149,0.30039641233206815,-1.1531788629058586,0.016710373486061886,1.0585026280004786,0,0,0,STOP_LOSS,2,1.765985469192535,-0.16461341943342928,0.1890231540895246,0.9936311620125163,3.215853998091073,0.2775083643708131,0.5195822944977587,0.6647375762461007,1.4703070941073801,0.6989920630509184,1.0279269379498972,5.584639906684368,1.0279269379498972,0.5195822944977587,32,0.01818181818181818,0.2576617302368487,3.4009594326493566,23,0.026812974797567255,-0.16038801756517376,0.05454545454545454,0.01818181818181818,2025-06-29 04:00:00,2025-06-29 08:00:00,2025-06-29 08:00:00
BNBUSDT_008,BNBUSDT,2025-06-29 20:00:00,2025-06-30 00:00:00,2025-07-01 12:00:00,655.09647,648.955255,0.45096603142001224,-3.063520872241861,-1.0369832801113925,0.2940415155948356,-1.1814331934782512,0.8527878260869646,1.6446034782608638,0,0,0,STOP_LOSS,10,2.0583295159566375,-0.00951289815554754,0.3462858543760712,0.8814655172413766,1.20234845951593,0.20750103944467557,0.43899832035425135,0.7209708458925076,1.575481885560864,1.7920812515737685,0.971322849213684,6.347737126711167,0.9880444699230979,0.5283899634819325,41,0.01818181818181818,0.38740157449810436,5.3659368566610555,25,0.00770891150168895,0.008790342399717436,0.12727272727272726,0.05454545454545454,2025-06-29 16:00:00,2025-06-29 20:00:00,2025-06-29 20:00:00
BNBUSDT_009,BNBUSDT,2025-07-02 12:00:00,2025-07-02 16:00:00,2025-07-04 12:00:00,661.848495,652.1985674285714,0.4449767601443085,-4.586353708619822,-1.557297656564566,0.2923602022583058,-1.1147814851436983,0.32463743819531093,1.0554614493201435,0,0,0,STOP_LOSS,12,2.4620639622755522,0.07407537122733215,0.24848484848484642,0.9477611940298477,2.086039802518619,0.1954033271378308,0.6986967448850058,1.2969679929946236,1.2289849191227287,0.7090024265771571,2.4242236601752327,2.9805911376052507,2.6261670264729036,0.8574924006539555,1,0.45454545454545453,0.9907918962610254,3.6695092435441325,12,1.7229635592433197,0.02972223895664372,0.4,0.4727272727272727,2025-07-02 08:00:00,2025-07-02 12:00:00,2025-07-02 12:00:00
BTCUSDT_010,BTCUSDT,2025-07-02 16:00:00,2025-07-02 20:00:00,2025-07-04 12:00:00,109709.042842,107705.45438157143,0.0027433465931416476,-5.794759237103562,-1.9253615329434788,0.29822166012894447,-1.0897310297181686,0.4231078564769256,1.1370632745577074,0,0,0,STOP_LOSS,11,3.3642686549690777,0.04499514144290117,0.8145510446319502,0.9500847983837329,3.954616023308709,0.2227860461617351,0.8836763792536297,1.3295923080219336,2.9294098195491607,3.16310440045592,4.058510113945612,1.776568442511296,4.058510113945612,0.8836763792536297,0,0.509090909090909,0.9916553742723387,3.9572386690092243,22,3.1681751159148104,0.06519502343199485,0.6,0.509090909090909,2025-07-02 12:00:00,2025-07-02 16:00:00,2025-07-02 16:00:00
ETHUSDT_006,ETHUSDT,2025-07-02 16:00:00,2025-07-02 20:00:00,2025-07-04 12:00:00,2605.511419,2511.2763910000003,0.11285593595202145,-10.923712223087607,-3.7149490575692403,0.28872993868272206,-1.0441577336030166,0.3235014131607349,1.1558944875943906,0,0,0,STOP_LOSS,11,5.835537656494147,0.12276208992007488,3.157623762376238,0.9735534256301027,5.695152993777665,0.3372103262891064,1.7794550682796302,1.2831756467941962,3.4540110508322006,3.62675173426684,8.400787391744045,7.067605506435001,4.058510113945612,0.8836763792536297,0,0.38181818181818183,0.8542763157332707,3.6932902903310394,10,3.992725365916594,0.03963319859113974,0.5636363636363636,0.509090909090909,2025-07-02 12:00:00,2025-07-02 16:00:00,2025-07-02 16:00:00
ETHUSDT_007,ETHUSDT,2025-07-09 12:00:00,2025-07-09 16:00:00,2025-08-01 20:00:00,2657.637052,3517.364474,0.11785690493681272,100.96092976230784,32.23314186534,0.3638832839172278,10.867124771038451,16.280428843784026,0.06630910474809969,1,1,1,Breakdown below 20-bar Lower Channel ($3565.00),140,5.401173579039683,-0.04436747726174514,0.3713638080846213,0.6464805348014162,6.438980305416115,0.7038054391870276,1.4835080044370796,1.178452975786008,2.7945151430500665,3.0409471581591974,3.5930408472012143,6.323810133623605,0.7416479515943497,0.7165920689063155,4,0.38181818181818183,0.6085017421178756,3.851758118525936,5,2.407707784206997,0.034947669856341956,0.6181818181818182,0.41818181818181815,2025-07-09 08:00:00,2025-07-09 12:00:00,2025-07-09 12:00:00
BNBUSDT_010,BNBUSDT,2025-07-09 16:00:00,2025-07-09 20:00:00,2025-07-30 12:00:00,669.460778,788.283444,0.4378617874741284,51.70875968183885,17.640136326104532,0.31914524536250133,15.145777889757985,24.57813400512981,0.41820164895565154,1,1,1,Breakdown below 20-bar Lower Channel ($791.04),125,1.7108448136748118,-0.12991878746247984,0.6421149190213359,0.9074999999999989,2.6264394440524046,0.18215589858510675,0.5825197126036888,1.1571649635973666,1.9513314899521232,2.4064715862319535,1.2557492132655461,0.8149431347442898,2.7379502864159333,0.8551812080536902,11,0.2727272727272727,0.5938864623634116,3.294964019295059,36,0.22694262890341318,0.017114477206075316,0.5636363636363636,0.4727272727272727,2025-07-09 12:00:00,2025-07-09 16:00:00,2025-07-09 16:00:00
BTCUSDT_011,BTCUSDT,2025-07-09 16:00:00,2025-07-09 20:00:00,2025-07-15 08:00:00,111783.514997,116744.09626100001,0.002676883985570961,12.97302959330627,4.33544915679298,0.30587095141866316,2.5355733747552684,5.9824755552416296,0.6715297708925222,1,1,1,Breakdown below 20-bar Lower Channel ($116840.01),34,2.773700223713634,-0.025297709230971202,1.1045228056518714,0.9153913897639148,4.838990205179262,0.21951510326275236,0.8551812080536902,1.38122451556385,3.412218487094891,3.389579974186641,2.7379502864159333,1.8908944096683205,2.7379502864159333,0.8551812080536902,0,0.4727272727272727,0.6175090391542214,3.965742276516894,12,0.27529173900460513,0.053996314352016614,0.5818181818181818,0.4727272727272727,2025-07-09 12:00:00,2025-07-09 16:00:00,2025-07-09 16:00:00
SOLUSDT_010,SOLUSDT,2025-07-10 20:00:00,2025-07-11 00:00:00,2025-07-12 12:00:00,164.379299,158.06970771428573,1.5864266480767852,-10.265474602578902,-3.936515016450711,0.25577084844871656,-1.039846430750685,0.6139785812672145,1.0669213269054154,0,0,0,STOP_LOSS,10,8.202506997687733,0.26164656394533303,1.9605410100508727,0.8241935483870967,8.922108032890044,0.9973649060818388,1.8932874354561127,1.2859230341398644,2.00511879953104,2.165500554528,4.641833810888247,7.862956156471508,4.293660597808273,1.0908881007794895,0,0.6909090909090909,0.4109792281817671,4.663207297928122,1,1.458134352117155,0.02320115567308255,0.7090909090909091,0.9636363636363636,2025-07-10 16:00:00,2025-07-10 20:00:00,2025-07-10 20:00:00
SOLUSDT_011,SOLUSDT,2025-07-16 16:00:00,2025-07-16 20:00:00,2025-07-25 04:00:00,174.202245,177.666684,1.2786188986796307,4.204744047483981,1.8877509503393601,0.22495313123878058,0.43003048287875983,4.197352606015322,0.7182087614421819,1,1,1,Breakdown below 20-bar Lower Channel ($179.21),51,6.666283876894817,-0.04278700775006653,3.1509121061359826,0.9142857142857154,12.694066423983452,0.9082548024637798,2.1954360522343985,1.1748052196977337,2.345947706919598,2.8956337948323383,8.700536761952314,10.739492592357083,2.4172693683956146,1.3813774731398265,12,0.7090909090909091,0.7863910415276549,3.2942845467936817,7,5.136687055298958,0.04033995408071001,0.7272727272727273,0.8909090909090909,2025-07-16 12:00:00,2025-07-16 16:00:00,2025-07-16 16:00:00
ETHUSDT_008,ETHUSDT,2025-08-07 20:00:00,2025-08-08 00:00:00,2025-08-18 04:00:00,3911.47309,4318.923934,0.07951824643648142,32.07254325453212,10.311604763922851,0.32723336941225767,2.823829569442812,6.136731614374453,0.22034908934518868,1,1,1,Breakdown below 20-bar Lower Channel ($4368.00),62,8.507509634785992,-0.2567884559757377,0.8157435409560462,0.7719137818419335,14.770157006025439,1.0234763421345958,1.826362323484034,1.007463551186294,1.2217800821026938,0.44294405233916645,6.162934968818807,5.73006091839963,2.156440602485707,0.8645500197998547,2,0.21818181818181817,0.6924403824993206,4.440421027952583,7,5.003380111910211,0.09192949488392906,0.7636363636363637,0.6,2025-08-07 16:00:00,2025-08-07 20:00:00,2025-08-07 20:00:00
BTCUSDT_012,BTCUSDT,2025-08-10 00:00:00,2025-08-10 04:00:00,2025-08-15 12:00:00,118535.55,116803.85404257143,0.002557236289233842,-4.729264976408061,-1.5601780726962178,0.3009092321521646,-1.113341774368108,3.5750228334849936,1.0283943630962813,1,1,1,STOP_LOSS,33,3.1097468354430404,-0.35376896845017863,0.4713675679273326,1.0,2.9835691771642683,0.21971304042009998,0.7008836648583485,0.8538289543553806,2.0669843630652553,2.2335046569408927,1.8181105806545121,4.309523767607186,1.8181105806545121,0.7008836648583485,13,0.03636363636363636,0.4354350687224462,4.495537635946614,16,0.06722572972009233,-0.004245293735406234,0.5454545454545454,0.03636363636363636,2025-08-09 20:00:00,2025-08-10 00:00:00,2025-08-10 00:00:00
SOLUSDT_012,SOLUSDT,2025-08-10 00:00:00,2025-08-10 04:00:00,2025-08-11 12:00:00,185.03549399999997,177.42247157142856,1.3061020885617596,-10.180088047149004,-4.2123007012682345,0.23670355292434458,-1.0386400129354652,0.23513310489244774,1.040138168665522,0,0,0,STOP_LOSS,9,9.055032976538005,-0.24176165976389155,0.8340147179067873,0.8365695792880229,8.045746978286653,1.0520189987607298,2.0284046151707513,1.0267285581482144,1.9587236840950324,2.161014105319625,4.355184474782805,14.994405072734038,1.8181105806545121,0.7008836648583485,20,0.2909090909090909,0.38865671618587605,4.5720413211135575,5,1.5175448493738,-0.027225841762840295,0.7272727272727273,0.03636363636363636,2025-08-09 20:00:00,2025-08-10 00:00:00,2025-08-10 00:00:00
BNBUSDT_011,BNBUSDT,2025-08-11 00:00:00,2025-08-11 04:00:00,2025-08-11 08:00:00,821.436357,799.4729432857143,0.3757368640592716,-8.556981881749033,-2.772444653850224,0.3045176887069313,-1.0603770024677366,0.14590595317280836,1.2774677331382198,0,0,0,STOP_LOSS,2,6.261644686369788,-0.0944689602177321,0.21356048032802888,0.7019096413600387,8.933396406691454,0.5772730318177917,1.307684144786401,1.0736117448132905,2.203367243281431,2.7719328273349433,1.2302609681833332,8.90536311071032,2.7248860759493714,0.8575043862365329,4,0.36363636363636365,0.42434850244567357,5.112420987744199,4,-0.49185784198912846,-0.07406656687622273,0.38181818181818183,0.12727272727272726,2025-08-10 20:00:00,2025-08-11 00:00:00,2025-08-11 00:00:00
BNBUSDT_012,BNBUSDT,2025-08-12 16:00:00,2025-08-12 20:00:00,2025-08-20 00:00:00,832.0095279999999,823.8527700000001,0.3678765878735558,-3.305256787238635,-1.0798781560347557,0.3045764860883525,-0.33813346259676963,1.4071683010752714,0.7315951397849423,1,0,0,Breakdown below 20-bar Lower Channel ($825.00),44,4.278878522650769,-0.24931738711618132,0.5038726905834966,0.9172185430463579,9.55822603079979,0.5723201849306472,1.5973014193654773,1.147259375233283,1.5283491185380866,1.1839064455461712,3.1550749082250147,11.144369020257628,0.48364546604942776,1.0614966707908309,0,0.9090909090909091,0.6524304578105001,2.694316766467288,4,1.780930647881722,-0.04432367916317841,0.7636363636363637,0.9272727272727272,2025-08-12 12:00:00,2025-08-12 16:00:00,2025-08-12 16:00:00
SOLUSDT_013,SOLUSDT,2025-08-12 16:00:00,2025-08-12 20:00:00,2025-08-18 04:00:00,190.707195,182.615199,1.092539587558176,-9.044760719545934,-4.341030340779762,0.20393474718349547,-0.932581274203413,2.157541599613772,1.1813705342774377,1,1,0,Breakdown below 20-bar Lower Channel ($183.30),33,7.013218631976503,-0.026059451810161963,2.055674518201271,0.9517839922854386,10.491588632233057,0.4316474097919519,2.3282477069720047,1.0902232527280795,2.374384297347221,2.7900861683888256,7.93794587249461,17.12951585156058,0.48364546604942776,1.0614966707908309,0,0.509090909090909,0.6484667160445263,3.384198147282808,4,2.8762314573660874,0.004812940270956875,0.6363636363636364,0.9272727272727272,2025-08-12 12:00:00,2025-08-12 16:00:00,2025-08-12 16:00:00
BNBUSDT_013,BNBUSDT,2025-08-22 16:00:00,2025-08-22 20:00:00,2025-08-24 16:00:00,894.86838,859.7105808571429,0.2913915211295457,-10.500319287977188,-4.026859081028836,0.25563471617303024,-1.0405313932967541,0.1686797293952652,1.0258999257486985,0,0,0,STOP_LOSS,12,7.298233847529619,-0.061602943118747464,1.2151245672391566,0.8234767025089628,12.105088860845822,0.5644439167571453,1.9355817444348629,1.1994399109008325,1.8822112298680962,1.4066621760664693,6.958393113342903,9.00318017326461,3.9771213555554823,1.1746640020427384,0,0.7454545454545455,0.7434522896701711,3.996589565128227,3,4.7608799617408,0.06481187453481563,0.7636363636363637,0.8181818181818182,2025-08-22 12:00:00,2025-08-22 16:00:00,2025-08-22 16:00:00
ETHUSDT_009,ETHUSDT,2025-08-22 16:00:00,2025-08-22 20:00:00,2025-08-25 04:00:00,4834.4499,4586.600749714286,0.047757937955321524,-12.061729317825744,-5.2241657444949485,0.2249649762014982,-1.030759654652623,0.49925995242426446,1.0321481960866608,0,0,0,STOP_LOSS,15,15.063107800537967,-0.12573969888872216,0.9398496240601504,0.8925970124686213,21.766357919403127,0.72510992980169,2.534894032100737,1.2068448102464895,2.466990127686012,1.7911383911276073,14.41490495016689,10.255620572836468,3.9771213555554823,1.1746640020427384,0,0.6545454545454545,0.7628991416889264,6.517124075432643,5,9.27960985772116,0.208209819423952,0.8,0.8181818181818182,2025-08-22 12:00:00,2025-08-22 16:00:00,2025-08-22 16:00:00
SOLUSDT_014,SOLUSDT,2025-08-24 00:00:00,2025-08-24 04:00:00,2025-08-25 08:00:00,209.122718,197.82206414285716,0.8612531193815907,-9.907964617034196,-5.5011365375493515,0.1752412315182988,-1.0300445604694306,0.4008822460987468,1.2645053210539776,0,0,0,STOP_LOSS,8,14.996412341545081,-0.09447795655585474,0.20611638385581768,0.6254777070063708,15.337400793051007,1.7012508230627685,2.6712679810024955,1.1888957295795166,1.6184337484867475,0.6746681219081999,5.495559144125966,9.10182140806847,-0.46099824372968934,1.035732913423374,4,0.6727272727272727,0.33556618809072886,5.978749477768354,1,3.01776342349616,-0.1433408437052176,0.8181818181818182,0.5636363636363636,2025-08-23 20:00:00,2025-08-24 00:00:00,2025-08-24 00:00:00
BNBUSDT_014,BNBUSDT,2025-09-07 12:00:00,2025-09-07 16:00:00,2025-09-25 20:00:00,874.9424039999999,958.362405,0.3450914620619564,28.47120119182837,9.429574817532798,0.31632891847151284,6.83621496411577,17.278565009469705,0.4086982481060527,1,1,1,Breakdown below 20-bar Lower Channel ($962.38),110,3.811679700004577,-0.18787359885170862,0.02744613695621145,0.865996649916237,4.712453275006003,0.30872741010657073,0.6898849538443459,0.9791263414068271,1.1088530524185707,0.20842747653434662,1.7649591046061082,1.481593205787145,0.8568621491400814,0.7366684009787965,8,0.14545454545454545,0.5353929212551313,5.423027759274733,8,1.6439599306581651,0.010899959512451592,0.5636363636363636,0.14545454545454545,2025-09-07 08:00:00,2025-09-07 12:00:00,2025-09-07 12:00:00
SOLUSDT_015,SOLUSDT,2025-09-08 08:00:00,2025-09-08 12:00:00,2025-09-22 04:00:00,214.344284,232.740157,1.3411856515928475,24.372469297464487,8.478103749899866,0.29981161865980455,3.060050889018522,6.595141015155153,0.5985082511426495,1,1,1,Breakdown below 20-bar Lower Channel ($235.12),83,6.393503826768722,-0.16008513565786736,0.5914937564547887,0.8153846153846155,9.880719522663812,0.391710596775785,1.3857036187631688,0.9152255010814153,3.1267176712602915,2.564913269489942,5.059815650127472,7.46238716148445,0.6831570210759631,0.48015979152412297,2,0.01818181818181818,0.7041198495279781,5.533756469280844,6,1.941557168072161,0.142526550526145,0.6363636363636364,0.01818181818181818,2025-09-08 04:00:00,2025-09-08 08:00:00,2025-09-08 08:00:00
BTCUSDT_013,BTCUSDT,2025-09-10 12:00:00,2025-09-10 16:00:00,2025-09-22 04:00:00,113888.146197,114615.495033,0.002649131104561938,1.6241743735705052,0.538332597252474,0.30266805174402733,0.2892440681118976,1.892693791571001,0.9851359339164036,1,0,0,Breakdown below 20-bar Lower Channel ($115100.00),70,2.5660233778368147,-0.16187149392963165,0.4139626697165893,0.7719284302134976,1.02222875305497,0.19524280261186094,0.9308645472779901,1.3782483662719953,3.0019413055817563,3.1860235384141653,2.681466108277045,1.4535824022831736,2.681466108277045,0.9308645472779901,5,0.4,0.7320356583807771,3.0221623226900984,13,1.2799605630408832,0.01756075439902376,0.5818181818181818,0.4,2025-09-10 08:00:00,2025-09-10 12:00:00,2025-09-10 12:00:00
ETHUSDT_010,ETHUSDT,2025-09-12 00:00:00,2025-09-12 04:00:00,2025-09-22 00:00:00,4506.901665,4378.785970000001,0.07755048290005669,-10.279978697823003,-2.9412343261653917,0.34454468349665635,-1.0566643189916285,2.0921349940215204,1.9553739736947016,1,1,0,STOP_LOSS,60,4.747034213359082,-0.014457721360576123,0.332023943135051,0.6211348963642561,5.371129523353692,0.42124250503570315,1.3921718769073705,1.1678015765773542,1.3655745475852106,0.5473083613958094,2.3035353420676143,4.081194211897767,0.6941695197404307,0.7909089075934893,2,0.41818181818181815,0.6415112807399054,3.6888582263385903,9,1.2424785994868268,-0.06319588391368429,0.7454545454545455,0.23636363636363636,2025-09-11 20:00:00,2025-09-12 00:00:00,2025-09-12 00:00:00
BTCUSDT_014,BTCUSDT,2025-10-01 08:00:00,2025-10-01 12:00:00,2025-10-10 16:00:00,116824.606871,118983.28430300001,0.002586714314195188,5.278897989334547,1.746869551777281,0.30498382374998345,1.0039710986218258,4.612100428142435,0.4290531106739713,1,1,1,Breakdown below 20-bar Lower Channel ($119651.47),56,4.796669360400127,-0.19680209750891428,1.740173531256535,0.9972873817826254,3.149776358562667,0.43728692256695834,0.8702409189978366,1.374006659740838,2.2412637384936067,2.4949122467430707,3.303321100055634,3.326672532983874,3.303321100055634,0.8702409189978366,3,0.43636363636363634,0.34895867733126285,6.20504263638137,15,1.3126441720716395,-0.012227890666976838,0.4909090909090909,0.43636363636363634,2025-10-01 04:00:00,2025-10-01 08:00:00,2025-10-01 08:00:00
ETHUSDT_011,ETHUSDT,2025-10-01 20:00:00,2025-10-02 00:00:00,2025-10-09 12:00:00,4349.334409,4371.748082000001,0.07965090156728682,1.4379482203590082,0.4150780339433969,0.3473210415254149,0.13156341462251003,2.9563153403293922,0.41914013263372857,1,1,0,Breakdown below 20-bar Lower Channel ($4398.17),46,8.693592270522513,-0.32073791207900537,0.09277163904235142,0.8906709829311318,1.8747951100706397,0.6701693248383639,1.5779559938638883,1.2087874747282321,0.9296146070975301,-0.15246158748153932,4.894394653993224,4.700913357461558,3.9860610704545953,0.9182380180767202,2,0.5272727272727272,0.5844444444289831,5.20907157972156,3,4.568712833069977,0.06548415886125486,0.7636363636363637,0.8181818181818182,2025-10-01 16:00:00,2025-10-01 20:00:00,2025-10-01 20:00:00
SOLUSDT_016,SOLUSDT,2025-10-01 20:00:00,2025-10-02 00:00:00,2025-10-07 16:00:00,222.10661199999998,223.722863,1.133804147806864,1.5797704337122336,0.6273276828426962,0.2527416539847782,0.16201584447674638,1.8236497674418626,0.3007688372092995,1,0,0,Breakdown below 20-bar Lower Channel ($224.07),35,10.678256170059452,-0.44974099707141507,0.14884308330701548,0.8325688073394459,3.8161248292330767,0.6776351215759945,1.9365880021617714,1.0766341741799383,0.7003336395617528,-0.70099537838404,6.402146827678735,4.93383742911153,3.9860610704545953,0.9182380180767202,2,0.41818181818181815,0.6386956518962191,5.125694862297764,9,5.448533640023004,0.06049828784763389,0.6909090909090909,0.8181818181818182,2025-10-01 16:00:00,2025-10-01 20:00:00,2025-10-01 20:00:00
BNBUSDT_015,BNBUSDT,2025-10-02 08:00:00,2025-10-02 12:00:00,2025-10-10 16:00:00,1048.124343,1215.1253530000001,0.2962210694250724,49.13400665460472,15.825353762630831,0.33521112266254505,5.831670999819185,10.613056750376684,0.24731492214967446,1,1,1,Breakdown below 20-bar Lower Channel ($1220.43),50,4.777583722239725,-0.3376170826914261,0.6367775024491328,0.8663819402074411,10.592151770462262,0.6729195294878222,1.3572526098652011,1.0257519898424006,0.9468961613478689,-0.1296836271065376,2.383185788825701,6.259063574318765,1.6920601992061228,0.931285360804718,5,0.23636363636363636,0.5181781860730771,3.578452895067746,6,1.2389830177248784,0.0474709652462169,0.4727272727272727,0.7272727272727273,2025-10-02 04:00:00,2025-10-02 08:00:00,2025-10-02 08:00:00
SOLUSDT_017,SOLUSDT,2025-10-26 08:00:00,2025-10-26 12:00:00,2025-10-28 20:00:00,197.799322,191.47682542857143,1.4927308503165415,-9.728327940471475,-3.2948215288335763,0.2905422572794994,-1.0484932777752227,1.211554723052176,1.2193806940933105,1,0,0,STOP_LOSS,15,9.117572692793932,-0.18167864411480686,0.020231652420207392,0.964028776978416,-1.8215816505171651,0.38437023663444225,1.5716091746433083,0.7511696544522252,1.3250852161848619,0.4986651728440188,2.6153287322920407,4.635165881792683,1.543762264841976,0.7886569052110196,10,0.01818181818181818,0.20150115461807153,5.961738289214851,3,0.5967515956618783,-0.09237557288758161,0.09090909090909091,0.01818181818181818,2025-10-26 04:00:00,2025-10-26 08:00:00,2025-10-26 08:00:00
BTCUSDT_015,BTCUSDT,2025-10-26 20:00:00,2025-10-27 00:00:00,2025-10-28 20:00:00,114593.777823,112837.09014314285,0.0026508904585504567,-4.9582337681220885,-1.6322030300189718,0.3014471589356484,-1.1077643379198079,1.0697525572080573,1.4112232159869498,1,0,0,STOP_LOSS,12,4.6388860276852,-0.29619145204249436,0.49070175438595987,0.6463481175461814,1.4807332603505774,0.5014942490664382,0.736931483330293,0.730311543166513,1.9412893438643946,1.45840549404748,2.6092497313165857,5.445939435644039,2.6092497313165857,0.736931483330293,2,0.01818181818181818,0.5155072747380357,6.3817071255702364,5,1.7373800306987426,0.09063336680916682,0.36363636363636365,0.01818181818181818,2025-10-26 16:00:00,2025-10-26 20:00:00,2025-10-26 20:00:00
ETHUSDT_012,ETHUSDT,2025-10-26 20:00:00,2025-10-27 00:00:00,2025-10-28 16:00:00,4159.707538,4059.7674185714286,0.08338561982829966,-8.67626181122417,-2.501374338371987,0.3426930069584475,-1.067459547350214,0.9644847490913387,1.3614620207527186,0,0,0,STOP_LOSS,11,7.262063359993838,-0.28617182286832327,1.1790754257907552,0.8370097056228462,1.4556899653460729,0.5994985515185517,1.1719997993762812,0.7499880463730328,1.7313193991477764,0.9903577837144438,5.175754080863566,4.416232693379672,2.6092497313165857,0.736931483330293,2,0.01818181818181818,0.6185010824157764,5.932006958089449,6,2.8863225943517885,0.13492682126305214,0.41818181818181815,0.01818181818181818,2025-10-26 16:00:00,2025-10-26 20:00:00,2025-10-26 20:00:00
BNBUSDT_016,BNBUSDT,2025-10-27 08:00:00,2025-10-27 12:00:00,2025-10-27 12:00:00,1180.043907,1149.6335778571429,0.2755971314635946,-8.70202569466618,-2.675762121899232,0.32102621603097525,-1.0623704647777017,0.08600168709444583,1.6353153040134583,0,0,0,STOP_LOSS,1,5.692125116555045,-0.24418631119668863,1.3018015697185226,0.9914268218003682,6.910823054861432,0.561761567892317,1.259702830017315,0.7607823200605928,2.08081399677793,1.9201650267024903,3.912691142273278,5.7609553180807564,1.8324668103559827,0.7921869408518125,0,0.09090909090909091,0.6178704392229545,4.8516282155172235,3,1.8673807342682023,0.16358561270705652,0.5636363636363636,0.12727272727272726,2025-10-27 04:00:00,2025-10-27 08:00:00,2025-10-27 08:00:00
BNBUSDT_017,BNBUSDT,2025-12-03 20:00:00,2025-12-04 00:00:00,2025-12-04 16:00:00,921.0462309999999,887.5165222857142,0.32328461272689774,-11.131979151187666,-3.7385734756813243,0.29234025464413205,-1.044177484996099,0.21814409547738936,1.0387871122855632,0,0,0,STOP_LOSS,5,11.823928059429168,0.001671737427309808,1.1190792580471507,0.8939307997731137,-0.5412361686756954,0.8060896376948383,1.7907567040891679,1.0559564509550958,0.8994138402408818,-0.17301451352466557,5.036447222824286,3.249680414451997,2.3577125147954714,1.7654494853401617,7,0.8727272727272727,0.3395793147479033,6.406809580088472,7,3.4656232532140856,-0.013525079327373474,0.7272727272727273,0.9272727272727272,2025-12-03 16:00:00,2025-12-03 20:00:00,2025-12-03 20:00:00
ETHUSDT_013,ETHUSDT,2025-12-03 20:00:00,2025-12-04 00:00:00,2025-12-05 16:00:00,3189.346517,3047.3469501428576,0.08133552989230435,-11.803242398766361,-4.550082997165718,0.2536323839629686,-1.0358272187286504,0.3640542689330985,1.4722956479621518,0,0,0,STOP_LOSS,11,13.475266281097486,0.06643417276192899,1.356781363647933,0.7282375752627849,-0.5621244019571704,1.025565858001585,2.197031882042357,1.2110042347058794,1.2463978098788997,0.36394612554841727,6.41807434405738,5.3460033833791565,2.3577125147954714,1.7654494853401617,1,0.8363636363636363,0.37263755701581225,5.973325917518629,2,4.410110578190752,0.017916124539164496,0.8,0.9272727272727272,2025-12-03 16:00:00,2025-12-03 20:00:00,2025-12-03 20:00:00
ETHUSDT_014,ETHUSDT,2025-12-09 12:00:00,2025-12-09 16:00:00,2025-12-12 12:00:00,3246.853764,3087.459198571429,0.07166869298719564,-11.65058613902739,-5.006746029411155,0.2269859654996727,-1.032175365427315,1.2736096112330628,1.198353090361557,1,0,0,STOP_LOSS,18,10.253921894832832,-0.03920045968351442,0.17066057678955052,0.9305116866708781,2.1586104907334804,0.5655282081841819,2.4260645143117694,1.3027230556287284,2.520212679536808,2.109599288579125,4.6538171360034095,7.958132248612223,3.052576900507406,1.646381491331484,8,0.7090909090909091,0.28433275943132164,4.798982449666455,6,0.5419888184579256,-0.0669463701020445,0.41818181818181815,0.6363636363636364,2025-12-09 08:00:00,2025-12-09 12:00:00,2025-12-09 12:00:00
BNBUSDT_018,BNBUSDT,2026-01-02 12:00:00,2026-01-02 16:00:00,2026-01-08 08:00:00,878.2633999999999,884.754494,0.3635202313070734,2.039197656003272,0.6387132895438917,0.3204463363126947,0.35359833742458685,2.878579018460167,0.6059774876181899,1,1,0,Breakdown below 20-bar Lower Channel ($890.59),35,3.0649551817218836,-0.15607448998662624,0.07979117509603957,0.7440093512565755,0.7172112472684664,0.276688590000958,0.903443417025575,1.069305022510748,1.8087266765212373,1.4805098158585732,2.16789238503072,5.918473212454618,1.5743447452965582,0.8168591351349288,8,0.2545454545454545,0.6376811591833214,3.6594463281950245,7,1.1811115248557038,-0.00792910744786415,0.41818181818181815,0.16363636363636364,2026-01-02 08:00:00,2026-01-02 12:00:00,2026-01-02 12:00:00
ETHUSDT_015,ETHUSDT,2026-01-02 12:00:00,2026-01-02 16:00:00,2026-01-19 04:00:00,3087.565992,3211.3163160000004,0.10921896572563201,13.171903690038308,3.9060179817526843,0.34397870545362097,1.7458147487840299,4.5646208453966475,0.47649090909090575,1,1,1,Breakdown below 20-bar Lower Channel ($3253.01),100,4.286862089521297,-0.12960395659105597,0.5515178958272877,0.7465140006801937,1.70178378963276,0.4213716979231548,1.1190161470077515,0.9822455997149833,2.4810922400229254,2.336403485782646,3.2365955710448944,5.591494223776074,1.5743447452965582,0.8168591351349288,0,0.18181818181818182,0.6723095525489482,4.557931253504634,4,1.9382113603601585,0.11584742761136507,0.6363636363636364,0.16363636363636364,2026-01-02 08:00:00,2026-01-02 12:00:00,2026-01-02 12:00:00
SOLUSDT_018,SOLUSDT,2026-01-03 20:00:00,2026-01-04 00:00:00,2026-01-19 00:00:00,133.410011,137.828639,2.1913097041792007,9.385398472611199,3.210410255494244,0.2971839429467329,1.0215012172061309,3.656215434412262,0.8132905281090269,1,1,1,Breakdown below 20-bar Lower Channel ($140.26),91,7.69288445677439,-0.004048886032012397,0.09005628517823981,0.7651515151515147,2.091162903407273,0.7863846563581873,1.57188915905269,0.9989958937402134,0.6123576698287081,-0.5714555844708039,0.8163882379620626,6.926962238435019,0.7032380529924119,0.9230014618470143,3,0.32727272727272727,0.34795321603513246,5.204347799688092,7,-0.3855166679265182,-0.09619058014281613,0.34545454545454546,0.4909090909090909,2026-01-03 16:00:00,2026-01-03 20:00:00,2026-01-03 20:00:00
BTCUSDT_016,BTCUSDT,2026-01-04 00:00:00,2026-01-04 04:00:00,2026-01-08 08:00:00,91264.151034,90520.85559400001,0.0033122324448861535,-2.763024370977451,-0.9140368193456576,0.301057098473553,-0.4837005777087224,2.0439161113536284,0.9406906329185173,1,1,0,Breakdown below 20-bar Lower Channel ($90616.36),26,4.068326392053728,-0.018190576207059016,0.30229169802140166,0.6198315973813087,1.7142837215679183,0.38842275793440095,0.9451208790389776,1.163107710267242,1.552409676831158,0.7772414649564257,1.0136709845150427,3.985376796743019,1.0136709845150427,0.9451208790389776,7,0.6181818181818182,0.38448896899253054,4.4373215881672206,10,0.3396654739605971,-0.18659073618931346,0.45454545454545453,0.6181818181818182,2026-01-03 20:00:00,2026-01-04 00:00:00,2026-01-04 00:00:00
BNBUSDT_019,BNBUSDT,2026-01-13 16:00:00,2026-01-13 20:00:00,2026-01-19 00:00:00,941.7824499999999,921.2963852857143,0.33965197972561256,-7.274531644388946,-2.2741562164307076,0.3163992073948406,-1.074795533181584,0.8901200802924982,2.0465778908882353,0,0,0,STOP_LOSS,32,3.178969729155597,-0.25499419605609286,1.9016592166073245,0.8611587247171766,6.238590832314113,0.3715292319667186,1.058265685456338,1.110881042347724,2.9655456423261817,2.3911199468712705,3.7134138952841558,4.471815357301371,2.5751549047819524,1.1262153573834617,9,0.16363636363636364,0.6592370335794084,3.611307416137347,15,0.9561682768041138,0.13757051561089623,0.8909090909090909,0.5818181818181818,2026-01-13 12:00:00,2026-01-13 16:00:00,2026-01-13 16:00:00
BTCUSDT_017,BTCUSDT,2026-01-13 20:00:00,2026-01-14 00:00:00,2026-01-19 00:00:00,95442.614197,93645.038058,0.003158538534750103,-5.976333822225191,-1.9824687127932439,0.29862031804642236,-0.788077938601914,1.033714353604649,1.4712691319613715,1,0,0,Breakdown below 20-bar Lower Channel ($94293.46),31,4.8846500513551465,-0.04496152892447245,0.6592742539541456,0.5556925606247431,5.309794042390488,0.4925189869053198,1.2581644203156768,1.6409553065386744,3.2841652802619343,2.8659041564605108,4.510373925749377,1.7771371476097018,4.510373925749377,1.2581644203156768,1,0.6,0.7772031837149442,4.391870098149607,9,3.210035028840192,0.07246794360380275,0.7454545454545455,0.6,2026-01-13 16:00:00,2026-01-13 20:00:00,2026-01-13 20:00:00
SOLUSDT_019,SOLUSDT,2026-02-15 04:00:00,2026-02-15 08:00:00,2026-02-15 12:00:00,90.76722199999999,86.91677428571428,2.5726125540337628,-10.134266168169773,-4.339991492114371,0.2285560397477585,-1.0374352139578604,0.12977599699022221,1.081661173814896,0,0,0,STOP_LOSS,2,14.591139519506294,-0.2432200891928786,1.0017809439002576,0.9087452471482859,-13.872619155319535,0.6111138241724331,2.0923202871626954,0.8845552223422501,1.528555426202228,1.2017450731715456,6.51484916069961,3.7977579501258214,2.324728695452687,1.3769624033484167,9,0.01818181818181818,0.3040650404031996,7.165056010703219,6,4.014555699025709,-0.0531903518319569,0.509090909090909,0.01818181818181818,2026-02-15 00:00:00,2026-02-15 04:00:00,2026-02-15 04:00:00
ETHUSDT_016,ETHUSDT,2026-02-25 16:00:00,2026-02-25 20:00:00,2026-02-27 08:00:00,2071.72133,1972.977929,0.11586609349830404,-11.675333883864452,-4.863866060089276,0.23432175125790752,-1.0331769776427782,0.7861034553470732,1.2134864144365836,0,0,0,STOP_LOSS,10,11.542175655448794,-0.10581815606271829,1.5718104019028445,0.793022936409832,-6.975900668998876,0.2830173404485679,2.354545893486553,1.3534098406947204,1.8134333256186006,1.531881062022861,11.80268399857486,6.701081384625686,7.1439867413734355,1.937442265450241,0,0.9090909090909091,0.801442938312136,5.064158822278572,4,8.705721041210065,0.033342579583945736,0.7454545454545455,0.9272727272727272,2026-02-25 12:00:00,2026-02-25 16:00:00,2026-02-25 16:00:00
SOLUSDT_020,SOLUSDT,2026-02-25 16:00:00,2026-02-25 20:00:00,2026-02-26 16:00:00,89.456829,85.10731728571429,2.251926400705955,-9.991333064398544,-4.959703844888759,0.1965528048187482,-1.0324985542553167,0.6150996343085093,1.190751429521275,0,0,0,STOP_LOSS,6,13.485407581348543,-0.13043889375176365,1.984262743756425,0.9402173913043482,-5.727456387200157,0.5793392873765288,2.402517531668823,1.1825991167634273,1.6347983083576854,1.3129792601182049,14.09798417963768,10.502903743976274,7.1439867413734355,1.937442265450241,0,0.6181818181818182,0.7700831017820091,5.911764676903118,2,9.696351109977046,0.03726004440779757,0.7636363636363637,0.9272727272727272,2026-02-25 12:00:00,2026-02-25 16:00:00,2026-02-25 16:00:00
BNBUSDT_020,BNBUSDT,2026-03-02 12:00:00,2026-03-02 16:00:00,2026-03-03 08:00:00,646.4438749999999,620.9293795714285,0.4181063095524252,-10.932719900879409,-4.044926878742137,0.26494837714715314,-1.0403391746675024,0.25567167784472233,1.012317409344091,0,0,0,STOP_LOSS,5,8.032495164410053,-0.04097485004018405,0.8898602763250404,0.88831337002266,-3.545963883449357,0.31564014331392787,1.9446255871787765,1.1650189700428237,2.58290753444553,3.076083754712582,3.1359719119055183,6.881780894416514,3.4226468760406923,2.3135929428403634,8,0.9090909090909091,0.4156854031513705,4.281489333101166,3,-0.7133737631662986,-0.03324534566483118,0.4727272727272727,1.0,2026-03-02 08:00:00,2026-03-02 12:00:00,2026-03-02 12:00:00
BTCUSDT_018,BTCUSDT,2026-03-04 08:00:00,2026-03-04 12:00:00,2026-03-07 04:00:00,71132.73341999999,67653.71493771428,0.002888029841516708,-10.247918898256893,-4.9884371594623405,0.20040970222759819,-1.0323004023514544,0.8486882902606989,1.072421540806788,0,0,0,STOP_LOSS,17,7.087471207148221,-0.320683908754078,1.4485847979913178,0.720266705796876,-0.045459324321337716,0.5804657721944614,2.4169000027723104,1.1473597488115328,2.5161806551400585,2.833660015451097,6.094281062401923,8.683106414118031,6.094281062401923,2.4169000027723104,10,0.9636363636363636,0.6964285714271896,3.1241213961830727,6,3.6799116052564855,-0.010585756221665684,0.6,0.9636363636363636,2026-03-04 04:00:00,2026-03-04 08:00:00,2026-03-04 08:00:00
BNBUSDT_021,BNBUSDT,2026-03-04 12:00:00,2026-03-04 16:00:00,2026-03-06 12:00:00,661.368351,634.5981348571429,0.39430487287628935,-10.811129623308958,-4.14567757049893,0.25550295022891606,-1.0392992673444519,0.18162962581902928,1.3872770726160206,0,0,0,STOP_LOSS,12,6.64579457628145,-0.34500170995343454,0.9681902173082964,0.959068010075561,-0.7747952836596427,0.6557239587218031,1.9950563827327732,1.0801562875003108,1.7742099329688306,1.4631250794397657,4.852752271754113,6.403489008336279,8.373572793001674,2.481653754998072,11,0.9272727272727272,0.651570323019669,3.388191228936189,3,3.162218310417549,0.02142235699623674,0.4909090909090909,1.0,2026-03-04 08:00:00,2026-03-04 12:00:00,2026-03-04 12:00:00
ETHUSDT_017,ETHUSDT,2026-03-04 12:00:00,2026-03-04 16:00:00,2026-03-06 12:00:00,2150.875069,2018.2457731428572,0.08525486650259312,-11.485011833048704,-6.26321157466606,0.17771892041503395,-1.0253868253656293,0.36630730930245026,1.4053666971130314,0,0,0,STOP_LOSS,12,11.207173186124265,-0.2662467653498411,0.08564552990844986,0.9386644682605108,0.1558326524466306,0.5774913301537153,3.0549888018623945,1.10380959220974,2.111909794376364,2.207443983978035,9.191964331054935,6.7784658320628886,8.373572793001674,2.481653754998072,0,0.8,0.7969162757670547,3.9393288333393532,1,4.354516001259371,0.04271214932616906,0.6181818181818182,1.0,2026-03-04 08:00:00,2026-03-04 12:00:00,2026-03-04 12:00:00
SOLUSDT_021,SOLUSDT,2026-03-04 12:00:00,2026-03-04 16:00:00,2026-03-06 12:00:00,92.96788199999999,86.70826542857144,1.5460342005868726,-9.81647403646601,-6.829729266224262,0.13889273447713024,-1.0231625809392242,0.17437444751381367,1.451546362799264,0,0,0,STOP_LOSS,12,11.200774693350546,-0.3363774794364481,0.9120521172638474,0.9593679458239263,1.3885209538075882,0.9463986089842421,3.338559439269574,1.10490772965657,1.8324364225261214,1.827154910548163,9.289746001881456,8.094905792044655,8.373572793001674,2.481653754998072,0,0.9090909090909091,0.7487231861606498,3.514347709380066,2,5.550329256820318,0.09015916388652662,0.7636363636363637,1.0,2026-03-04 08:00:00,2026-03-04 12:00:00,2026-03-04 12:00:00
BNBUSDT_022,BNBUSDT,2026-03-13 08:00:00,2026-03-13 12:00:00,2026-03-18 12:00:00,666.8399919999999,648.7881622857143,0.46663781866094883,-8.730627366755542,-2.8057171159327323,0.306960926042408,-1.0596076580906095,1.188188155339813,1.2199024595469254,1,0,0,STOP_LOSS,31,4.767190687627501,-0.3507611165548393,0.07205476161883305,0.7468827930174592,1.6788823992753081,0.6204523222395574,1.324338687833228,0.9510142988143713,2.1544761061356494,2.1671540811927077,2.1733133065628465,4.579182680994578,2.5570970372399286,1.4560847832525226,1,0.2545454545454545,0.6261620183844087,3.670048663583211,8,1.353339668332147,0.061393230338601286,0.7818181818181819,0.18181818181818182,2026-03-13 04:00:00,2026-03-13 08:00:00,2026-03-13 08:00:00
ETHUSDT_018,ETHUSDT,2026-03-16 00:00:00,2026-03-16 04:00:00,2026-03-18 16:00:00,2236.340701,2168.0236834285715,0.14945139240114944,-10.539192595691178,-3.1533298898557445,0.32911919494744074,-1.0525926996300352,2.234162298228031,1.036942463270575,1,1,0,STOP_LOSS,16,7.31816412976871,-0.1950783781356561,1.20595917665219,0.7993239436619725,6.3382041206116515,0.8426528524536239,1.4983363887719159,0.8547349694268467,2.135268086358743,1.2684602379967382,6.656012212866444,13.056516374375471,3.0970890574602064,1.0784179063046961,0,0.01818181818181818,0.7122425279193033,5.286634198674909,2,3.919089759797729,0.1949256596113487,0.509090909090909,0.01818181818181818,2026-03-15 20:00:00,2026-03-16 00:00:00,2026-03-16 00:00:00
SOLUSDT_022,SOLUSDT,2026-03-16 16:00:00,2026-03-16 20:00:00,2026-03-18 08:00:00,95.23856299999998,91.7953102857143,2.7927429084834063,-9.877288361570008,-3.7135898941782006,0.2611687616324313,-1.0441749285744342,0.720795402783644,1.0092762969211306,0,0,0,STOP_LOSS,10,9.053670832895696,0.06317278886186296,0.08409544833385714,0.8851063829787195,6.441268012228492,1.3966031821707037,1.7787747385478705,0.9868270393875185,1.4670182038043238,0.5842522784233285,7.960086177571149,10.747935326276602,3.3725534920085156,1.2437666709802744,0,0.18181818181818182,0.8294663563463266,5.387499966328128,2,5.680916203651214,0.1815208927806302,0.9272727272727272,0.14545454545454545,2026-03-16 12:00:00,2026-03-16 16:00:00,2026-03-16 16:00:00
BTCUSDT_019,BTCUSDT,2026-03-16 20:00:00,2026-03-17 00:00:00,2026-03-18 08:00:00,74907.13540099999,72936.39822857143,0.003959461236831755,-8.09574781247557,-2.72959168482106,0.29269037026126,-1.061397227129687,0.5673139088106619,1.09382920979273,0,0,0,STOP_LOSS,9,5.598635875673892,-0.005741814851758166,0.5034927080458902,0.9766608023865038,5.740099029287435,0.8698460271336867,1.286234075488536,1.039526985450023,1.213451916953027,0.45276654710909986,2.8420286742170906,9.429060839231138,2.8420286742170906,1.286234075488536,1,0.18181818181818182,0.5340725864145329,4.557447872375154,6,1.5762634305675496,0.10780580767358236,0.6545454545454545,0.18181818181818182,2026-03-16 16:00:00,2026-03-16 20:00:00,2026-03-16 20:00:00
BTCUSDT_020,BTCUSDT,2026-04-06 08:00:00,2026-04-06 12:00:00,2026-04-06 20:00:00,69635.794473,68321.84872314286,0.00422430988064164,-5.8419019313803755,-1.9859392456438762,0.2913879176317501,-1.0867276387150886,0.5623831728205649,1.0496919379517782,0,0,0,STOP_LOSS,3,4.748982653285051,-0.11159329015456126,0.03867046042421609,0.44365927553602164,0.726859808047086,0.38306528884033714,0.9139985754693698,1.0129697370366517,2.0174594957424934,1.7962766609960081,3.904401558232218,2.858225676690989,3.904401558232218,0.9139985754693698,1,0.18181818181818182,0.8794404113705985,5.8879877873200215,6,3.159614322601835,0.1533829986183174,0.6727272727272727,0.18181818181818182,2026-04-06 04:00:00,2026-04-06 08:00:00,2026-04-06 08:00:00
BTCUSDT_021,BTCUSDT,2026-04-07 20:00:00,2026-04-08 00:00:00,2026-04-27 16:00:00,71945.797266,76770.06207000001,0.0040643180723691445,19.305132351418067,6.602063018039169,0.3022142773736062,2.01039792875519,3.1912466548438907,0.6263241442943768,1,1,1,Breakdown below 20-bar Lower Channel ($77140.23),119,5.1996392870162556,-0.04372670877204775,2.2355754948084865,0.7768414090689687,4.047460635904299,0.3519237283062133,1.6424717570798824,1.7622996870022203,3.245630953498324,3.3935467733582487,4.4595450699352766,5.330259526029934,4.4595450699352766,1.6424717570798824,5,0.7090909090909091,0.4053398577453192,3.7492883776210197,4,0.22893481624650033,-0.0007486929308249148,0.5636363636363636,0.7090909090909091,2026-04-07 16:00:00,2026-04-07 20:00:00,2026-04-07 20:00:00
ETHUSDT_019,ETHUSDT,2026-04-07 20:00:00,2026-04-08 00:00:00,2026-04-20 00:00:00,2240.6820030000003,2262.601016,0.11374639709505706,2.2370926473743835,0.8777404140421304,0.2561161092553007,0.20413333002209025,2.3273271537024383,0.8653421028439304,1,1,0,Breakdown below 20-bar Lower Channel ($2285.10),73,6.843273021102582,-0.05876758670455533,2.998910239609353,0.7925117960659375,6.696167931389076,0.39309494298353165,2.150564378858,1.7123886777503114,4.289577691232436,3.7063829905028953,6.304694470282294,6.3920434305581475,4.4595450699352766,1.6424717570798824,5,0.6727272727272727,0.48007045466240106,3.8348522201907076,8,0.2956586115909574,-0.0017090642228968893,0.5454545454545454,0.7090909090909091,2026-04-07 16:00:00,2026-04-07 20:00:00,2026-04-07 20:00:00
BNBUSDT_023,BNBUSDT,2026-04-16 16:00:00,2026-04-16 20:00:00,2026-04-19 04:00:00,636.740965,620.7080174285715,0.48458256655866,-8.073955811274162,-2.6167111868863007,0.30466892761090625,-1.0642549907701426,0.7696253764029597,1.1906812209143176,0,0,0,STOP_LOSS,15,5.097792789254565,-0.17648289503412343,1.4196035944171768,0.9445660102115248,2.814923711543878,0.5301955963780227,1.2297317010222484,1.1449556220226211,1.3893124591907369,0.9957102947275517,1.786114042662055,4.565017412444964,0.4538376002965222,1.4218717816822954,0,0.6363636363636364,0.36702619403173287,4.460481093525112,10,-0.07835236176404892,0.017234714127114283,0.5272727272727272,0.4727272727272727,2026-04-16 12:00:00,2026-04-16 16:00:00,2026-04-16 16:00:00
SOLUSDT_023,SOLUSDT,2026-04-16 16:00:00,2026-04-16 20:00:00,2026-04-18 08:00:00,90.12702999999999,86.65113971428572,2.736441812576748,-9.753443101336352,-3.954728532130056,0.24187158757847996,-1.041317011435723,0.17615984974958668,1.1239236227045053,0,0,0,STOP_LOSS,10,6.692563817980024,-0.11218956613844107,2.771757727843039,0.9867549668874167,6.091671168191228,0.6457895204603821,1.8994767718408139,1.1853757400706193,2.342569382661247,2.5913469169224084,5.367793240556647,7.045265534038247,0.4538376002965222,1.4218717816822954,0,0.41818181818181815,0.55223880505433,4.140264807276255,4,1.2980937901999758,0.04899266536521735,0.5818181818181818,0.4727272727272727,2026-04-16 12:00:00,2026-04-16 16:00:00,2026-04-16 16:00:00
BNBUSDT_024,BNBUSDT,2026-04-22 12:00:00,2026-04-22 16:00:00,2026-04-23 00:00:00,649.29473,635.6549605714285,0.47148293396645263,-6.73383443386371,-2.199655043227764,0.3029159250549513,-1.077556692358261,0.1256401164044031,1.2120404181935691,0,0,0,STOP_LOSS,3,5.205669388383911,-0.034663373636746916,0.047781254335001945,0.5775933609958503,4.206868741682295,0.501197157652496,1.020974096001056,0.962887623658057,2.1387344270574777,2.3614116711824,2.736582200345053,4.855905918842088,4.533877323888223,1.3307565204682625,13,0.12727272727272726,0.6661101834169921,5.0752065152823835,8,1.7346987227172785,0.029769322156669557,0.41818181818181815,0.6727272727272727,2026-04-22 08:00:00,2026-04-22 12:00:00,2026-04-22 12:00:00
BTCUSDT_022,BTCUSDT,2026-05-04 00:00:00,2026-05-04 04:00:00,2026-05-04 08:00:00,80340.39489,79087.94221157143,0.0037117336076444045,-4.944648456922958,-1.6581532226762452,0.295877758415382,-1.105868281168378,0.24498315671383225,1.7751403188163737,0,0,0,STOP_LOSS,2,4.201711956139423,-0.20889228806172863,1.0450312672751212,0.9346785793317094,7.1611408627314415,0.39112388317406366,0.749931293976459,0.9017731343882806,2.767531524658081,2.1131858169401263,2.702233722763855,1.530639655983412,2.702233722763855,0.749931293976459,0,0.03636363636363636,0.40854916067023767,6.931997951594297,10,0.4673601090903392,0.09978980612667868,0.41818181818181815,0.03636363636363636,2026-05-03 20:00:00,2026-05-04 00:00:00,2026-05-04 00:00:00
BTCUSDT_023,BTCUSDT,2026-05-05 00:00:00,2026-05-05 04:00:00,2026-05-13 12:00:00,80917.347924,78864.6606447143,0.0036669361618999917,-7.820028426105685,-2.6355019514147275,0.29295521262081636,-1.0637611893016,0.9640350774979745,1.0525626221115971,0,0,0,STOP_LOSS,51,3.7394916845792063,-0.29909040552984395,0.14371666980905887,0.8503050358358335,7.517460987626673,0.5187029276587143,1.239137425069521,1.4854790416089156,1.095853246082529,0.12027662376592417,0.718123130905795,5.308716324039088,0.718123130905795,1.239137425069521,2,0.9818181818181818,0.8512391776473603,3.2466728201257222,5,-0.566883613054438,0.11208602612379495,0.9090909090909091,0.9818181818181818,2026-05-04 20:00:00,2026-05-05 00:00:00,2026-05-05 00:00:00
BNBUSDT_025,BNBUSDT,2026-05-06 08:00:00,2026-05-06 12:00:00,2026-05-07 20:00:00,652.7557679999999,638.5398091428572,0.46588823705223337,-6.923847719935496,-2.276748421733456,0.30079970997421596,-1.0747029599173423,0.8319176033057939,1.3794460330578464,0,0,0,STOP_LOSS,9,3.883167831310519,-0.04508271173698556,1.8940399419140261,0.9932019034670276,4.467025212437707,0.42986644719028805,1.0595632147673297,1.4041908104329794,2.8786455471805166,2.9172440682147083,3.813296425332874,4.239481166735882,1.8624423788219406,1.2734432141883838,11,1.0,0.4980268348468736,3.8088898375215337,5,1.4954103628756386,0.046368849760285616,0.8727272727272727,0.9818181818181818,2026-05-06 04:00:00,2026-05-06 08:00:00,2026-05-06 08:00:00
ETHUSDT_020,ETHUSDT,2026-05-06 08:00:00,2026-05-06 12:00:00,2026-05-06 16:00:00,2411.1931409999997,2338.2854467142856,0.1375806840283798,-10.357408707198454,-3.1222066909309882,0.32671825643793734,-1.0531536733222713,0.033530542787487225,1.0239257903992947,0,0,0,STOP_LOSS,2,4.227806195472247,-0.06564108328057693,0.45717857887058966,0.7568706485892268,5.7972593009392295,0.4194290928463325,1.4827576601836387,1.1978636761145407,2.1642717750252825,1.8790822124610593,1.2849333372550802,3.376448489111137,1.8624423788219406,1.2734432141883838,10,0.9454545454545454,0.44313610043733254,2.7044127674982565,13,-0.34245280244045273,-0.01678059444665777,0.7090909090909091,0.9818181818181818,2026-05-06 04:00:00,2026-05-06 08:00:00,2026-05-06 08:00:00
SOLUSDT_024,SOLUSDT,2026-05-06 08:00:00,2026-05-06 12:00:00,2026-05-13 16:00:00,89.896961,90.402871,3.1178632374586615,1.296283081506303,0.462485137845753,0.28107510895638643,0.16611418881278286,3.4013283675799117,0.9696761986301411,1,1,1,Breakdown below 20-bar Lower Channel ($92.91),44,5.185267608768217,-0.08589610743546341,2.2528160200250356,0.9330543933054408,5.561221914300197,0.671935509693828,1.3924875613982086,1.340371801112993,2.3103070951556046,2.2676480545760493,5.766741202777458,5.841479213284663,1.8624423788219406,1.2734432141883838,10,0.9454545454545454,0.6416308999106627,3.738681918428913,3,3.21289867011887,0.05090183809573744,0.7818181818181819,0.9818181818181818,2026-05-06 04:00:00,2026-05-06 08:00:00,2026-05-06 08:00:00
BNBUSDT_026,BNBUSDT,2026-05-11 20:00:00,2026-05-12 00:00:00,2026-05-12 12:00:00,670.80118,655.4575894285715,0.4502587184823019,-7.2071652145579685,-2.386209272342492,0.2985797869494117,-1.0709906298317706,0.0447499522079896,1.3589969413114136,0,0,0,STOP_LOSS,4,4.342379958246347,-0.14180717846759067,0.5910059100591089,0.7996661101836416,6.116813131614076,0.537785892913592,1.1143538835158258,1.1376561786053663,1.871915474870369,1.914366294581641,1.0624670333810668,7.7044151422192995,-0.564918628581648,0.8821046047797546,4,0.6545454545454545,0.5285027470712553,4.199423150103853,6,-0.03466204506064419,0.08318987430573573,0.7636363636363637,0.43636363636363634,2026-05-11 16:00:00,2026-05-11 20:00:00,2026-05-11 20:00:00
BNBUSDT_027,BNBUSDT,2026-05-13 00:00:00,2026-05-13 04:00:00,2026-05-16 04:00:00,681.484384,660.3989637142857,0.4400275885101551,-9.57339948782424,-3.1924960381148395,0.2952328467783255,-1.051903120023482,0.41075640281807213,1.2224802320762544,0,0,0,STOP_LOSS,19,4.133395960544852,-0.033304947588940946,1.2303120356612143,0.9101667563205987,7.441213119177884,0.5341342096977534,1.5179410185868605,1.4402387445746503,2.357552103808581,2.813043967398691,2.90927766532733,7.259473841648695,0.23586581592621939,1.1027236522033514,2,0.9818181818181818,0.6218039770519166,2.9383617767655164,4,0.4425848161687054,-0.02146687233084624,0.6363636363636364,0.5454545454545454,2026-05-12 20:00:00,2026-05-13 00:00:00,2026-05-13 00:00:00
BNBUSDT_028,BNBUSDT,2026-05-25 12:00:00,2026-05-25 16:00:00,2026-05-26 16:00:00,667.980334,654.5421498571428,0.44462373386654414,-6.268948052430843,-2.110757557839379,0.29401244244750957,-1.0811273709442435,0.020677642677184832,1.1141673567751056,0,0,0,STOP_LOSS,7,4.329270118901447,-0.44787285226537965,0.5389942788316662,0.5164533820840904,3.4466859879830523,0.2365902865592596,0.9764764272236779,0.8998388380065594,2.4529207373070014,2.859487596343904,1.8718249912282012,4.82708820620693,1.6462011593578327,0.9457119147244539,9,0.34545454545454546,0.4738844688779371,4.136753877972776,22,1.0282070448963416,-0.04698522496382008,0.21818181818181817,0.6363636363636364,2026-05-25 08:00:00,2026-05-25 12:00:00,2026-05-25 12:00:00
BNBUSDT_029,BNBUSDT,2026-05-30 12:00:00,2026-05-30 16:00:00,2026-06-01 12:00:00,694.738359,675.4058888571428,0.4247918975735901,-8.503289764267466,-2.881306610966296,0.2910130874983875,-1.0579297536240109,2.695443465458666,1.069071445828612,1,1,0,STOP_LOSS,12,7.072408679250717,0.011504245245478788,2.5378687217645406,0.9803264964420249,7.326945656452204,0.5734510214823626,1.3621750371782786,1.3165087898027856,2.9085586275783792,2.8176762076382804,8.564416794322687,7.264977065282856,0.16513056939698167,0.9866882437933976,1,0.9454545454545454,0.7976384363197002,5.9798260796767275,3,5.327164160440185,0.16700474098230608,0.9272727272727272,0.4909090909090909,2026-05-30 08:00:00,2026-05-30 12:00:00,2026-05-30 12:00:00
BTCUSDT_024,BTCUSDT,2026-06-13 20:00:00,2026-06-14 00:00:00,2026-06-18 12:00:00,64477.347403,63136.97608028572,0.0045655218856914485,-6.410807602200537,-2.1777857511405365,0.29131299339532457,-1.078405920954537,2.1617620697978293,1.6769902191097599,1,1,0,STOP_LOSS,28,5.3281818659930735,-0.3369048546238763,0.09871970312964862,0.4318313167657952,-7.385433662684888,0.13980294417809352,1.0100274138599237,0.7309819861889147,0.6793578638791034,-0.8345604790182025,1.3809371845018583,5.869117685221652,1.3809371845018583,1.0100274138599237,19,0.01818181818181818,0.27117666926697925,5.160331199312876,20,1.1270523549776015,-0.08969370906408554,0.10909090909090909,0.01818181818181818,2026-06-13 16:00:00,2026-06-13 20:00:00,2026-06-13 20:00:00
BNBUSDT_030,BNBUSDT,2026-06-14 20:00:00,2026-06-15 00:00:00,2026-06-16 12:00:00,616.9750369999999,605.719658142857,0.4741978546329612,-5.627176107792292,-1.923372177651713,0.2898996006539226,-1.0898331597087394,1.4625392416688507,1.4368310023615678,1,0,0,STOP_LOSS,10,2.8145722206909993,-0.45126177283538793,0.554296613899799,0.9688581314878862,-1.6512144764931074,0.15280995454696628,0.8826806067357961,0.7885208240012326,2.263382739266025,2.345271615636984,1.1711637824981525,2.043213553040816,1.9988826834709836,0.8263727004054428,25,0.01818181818181818,0.5846774190180412,3.3906249933776906,17,-1.0448618059542367,0.0785850497737088,0.34545454545454546,0.01818181818181818,2026-06-14 16:00:00,2026-06-14 20:00:00,2026-06-14 20:00:00
ETHUSDT_021,ETHUSDT,2026-06-14 20:00:00,2026-06-15 00:00:00,2026-06-18 12:00:00,1726.1476890000001,1691.1739241428572,0.19038137996264928,-6.983650818235203,-2.125103541109231,0.32529720224316194,-1.0808476644610006,3.635754417645332,1.3597416466725678,1,1,1,STOP_LOSS,22,5.170315596713068,-0.5158104624170732,0.21429442544120997,0.9043240913661817,-9.071963208215514,-0.0821149380221394,0.9833732637710318,0.6909810636904448,3.1453522594277605,2.7095530024341503,2.643381434468637,2.076888039703989,1.9988826834709836,0.8263727004054428,18,0.01818181818181818,0.5491714417610056,6.084465873389732,4,-0.9368419800378305,0.002859071405458927,0.12727272727272726,0.01818181818181818,2026-06-14 16:00:00,2026-06-14 20:00:00,2026-06-14 20:00:00
SOLUSDT_025,SOLUSDT,2026-06-14 20:00:00,2026-06-15 00:00:00,2026-06-18 12:00:00,71.31138700000001,69.03214128571429,3.9359115927110886,-9.247099489465118,-3.294589514054163,0.27618985997085976,-1.0549020108402904,2.145624823604877,1.3296798588839105,1,1,0,STOP_LOSS,22,6.593714927048263,-0.3730058858127821,2.4285098433682966,0.9974025974025961,-5.741389176696197,0.2697983472754421,1.5622494789161459,0.8734627491226288,2.085865492800152,1.6286550884073887,3.394255874673634,7.187969924812032,1.9988826834709836,0.8263727004054428,13,0.01818181818181818,0.4617021266772296,4.637068312248806,3,-1.9872352770525161,-0.03465929996336668,0.09090909090909091,0.01818181818181818,2026-06-14 16:00:00,2026-06-14 20:00:00,2026-06-14 20:00:00
SOLUSDT_026,SOLUSDT,2026-06-29 16:00:00,2026-06-29 20:00:00,2026-06-30 12:00:00,76.002794,72.35400157142858,2.55394795841054,-9.508273741196788,-4.898465741084635,0.18944776758298992,-1.0329288856321814,-0.0007751882679334489,1.138309869203328,0,0,0,STOP_LOSS,5,8.962884969728877,-0.41626755579158237,1.306666666666672,0.8583333333333356,4.002437606845904,0.7582332011635461,2.3718647764449297,0.9124938921951885,1.7270278727976922,1.1280059454314242,7.407407407407421,4.497318113051865,1.5999854745460704,1.3538555242418424,0,0.4909090909090909,0.756289306986967,4.250557262814177,10,4.495335029686184,0.18221239718365675,0.8,0.4909090909090909,2026-06-29 12:00:00,2026-06-29 16:00:00,2026-06-29 16:00:00
SOLUSDT_027,SOLUSDT,2026-07-01 12:00:00,2026-07-01 16:00:00,2026-07-08 04:00:00,77.45322900000001,78.70638100000001,2.3601282546272553,2.773321088646372,1.5171377748499055,0.18427835389628644,0.3043102243803183,1.6902477617462053,0.22355172031076662,1,0,0,Breakdown below 20-bar Lower Channel ($79.23),40,8.717551336691203,-0.04752679320581156,1.228918812916737,0.8951841359773399,5.7586096750661495,0.8902441659166805,2.4934964299551656,1.1203912807255896,2.0161125041508665,1.7577205567274705,5.879939833173816,15.00074261102036,3.023466654699512,1.4922747200585782,2,0.509090909090909,0.5362962955017839,3.6928487488472532,4,2.3383016545877315,0.04259374988787797,0.5818181818181818,0.509090909090909,2026-07-01 08:00:00,2026-07-01 12:00:00,2026-07-01 12:00:00
ETHUSDT_022,ETHUSDT,2026-07-02 12:00:00,2026-07-02 16:00:00,2026-07-08 16:00:00,1697.569118,1722.4431120000002,0.15215491221651903,3.5245145432267044,1.3645387182991937,0.2601858303175357,0.32618115748023774,1.9126876828066264,0.1560093862525381,1,0,0,Breakdown below 20-bar Lower Channel ($1725.18),37,8.454082083615688,-0.4091708918605354,0.19956662159688024,0.6386087406258072,-2.188498016945226,0.39989986502749947,2.0923282839549295,1.2497910138666664,2.8880885938664287,3.074044272084102,4.750353375429762,8.091668205934992,2.4369899488171907,1.6900603725317296,2,0.5636363636363636,0.5619118605644355,4.604405931172509,5,1.8659457190649913,0.05395247450749691,0.6727272727272727,0.6545454545454545,2026-07-02 08:00:00,2026-07-02 12:00:00,2026-07-02 12:00:00
BNBUSDT_031,BNBUSDT,2026-07-03 20:00:00,2026-07-04 00:00:00,2026-07-17 12:00:00,573.982143,564.610566,0.5067754975003711,-5.037791039814901,-1.7319133488269447,0.2885054432768851,-0.6907495878647961,1.3541294322017094,1.2779928628151591,1,0,0,Breakdown below 20-bar Lower Channel ($566.00),82,6.181488646067519,-0.22864753038670346,0.19031987707778986,0.7543859649122667,-2.455704135821855,0.26043641278659446,1.2540238555818657,0.9057845580833259,0.6449945906821429,-0.701937218652916,2.656719622155415,1.0869565217391233,1.6622157244964293,1.3174894646633237,10,0.4,0.4236496349128028,4.539122480480099,16,1.9196364677257796,-0.06792001478475616,0.5454545454545454,0.43636363636363634,2026-07-03 16:00:00,2026-07-03 20:00:00,2026-07-03 20:00:00
BTCUSDT_025,BTCUSDT,2026-07-03 20:00:00,2026-07-04 00:00:00,2026-07-24 16:00:00,62602.034978,64074.631842,0.004671565365596204,6.583443342675213,2.251138531016194,0.29588916467274096,0.8545851534193989,2.6403686572142098,0.7854161425716404,1,1,0,Breakdown below 20-bar Lower Channel ($64650.00),125,7.349904750887054,-0.16980170716050627,0.29368589743590073,0.5004093972412934,-2.4206412921827045,0.4461636587876544,1.3174894646633237,0.8920968668600343,0.7919523815504528,-0.32668112143768935,1.6622157244964293,4.136610531559929,1.6622157244964293,1.3174894646633237,10,0.43636363636363634,0.2502581628366166,4.968896049279317,8,1.055880441845354,-0.09870440036449714,0.4909090909090909,0.43636363636363634,2026-07-03 16:00:00,2026-07-03 20:00:00,2026-07-03 20:00:00
ETHUSDT_023,ETHUSDT,2026-07-14 12:00:00,2026-07-14 16:00:00,2026-07-17 12:00:00,1875.7825659999999,1815.7365441428572,0.17464105067743527,-10.808845734127253,-3.2995178937074225,0.32234538799558976,-1.0501065755762629,1.2001891509319627,1.2340401919674195,1,0,0,STOP_LOSS,18,5.108733908554727,0.08515962635476768,1.5828819068255704,0.8561897702001491,6.742761912595601,0.3427782737787765,1.5715108474891333,1.2553781921490463,4.463466247264556,3.7153058873505493,5.526699343278881,4.326685026009067,3.3951573996043565,1.0718060471713287,8,0.4,0.5720250521323563,3.9293352458028643,5,1.1862623170381668,-0.05066688258825588,0.5818181818181818,0.34545454545454546,2026-07-14 08:00:00,2026-07-14 12:00:00,2026-07-14 12:00:00
BNBUSDT_032,BNBUSDT,2026-07-30 08:00:00,2026-07-30 12:00:00,2026-08-01 12:00:00,589.1767,576.2185111428571,0.49114085598294993,-6.650482568065464,-2.298272566229172,0.2861866007795667,-1.0739429553478341,0.5411636075232248,1.0165069113981329,0,0,0,STOP_LOSS,13,3.015280135823428,-0.034685897214815284,1.5885061832732603,0.866389548693587,2.371322284684611,0.1812782242480862,1.070337133155472,1.2177236298473173,3.1511141715014688,3.4675799541670886,3.2083968529324056,3.335146230635624,0.4347708810473925,1.095910618368482,10,0.8363636363636363,0.7906976739078176,3.245952996678403,19,0.7061627153095327,0.03053767991436554,0.6727272727272727,0.7272727272727273,2026-07-30 04:00:00,2026-07-30 08:00:00,2026-07-30 08:00:00
BNBUSDT_033,BNBUSDT,2026-08-05 00:00:00,2026-08-05 04:00:00,2026-08-07 04:00:00,598.999646,588.6462102857142,0.47975588284870213,-5.252011734771392,-1.827590168964565,0.28489004314697786,-1.0961351809040139,0.4716417965956268,1.3717282506079236,0,0,0,STOP_LOSS,13,3.75745228035604,-0.013693822493871336,0.47147651006710495,0.49086757990867114,3.4187648582314036,0.3842461828567021,0.833915837840289,0.97064193245507,2.987530530766525,3.457028120342878,1.3454963950851186,5.539497338644287,0.6007209089779056,1.0016740232417922,8,0.12727272727272726,0.3243243241731958,5.091320499227647,23,0.39264800460344856,-0.053009504194776826,0.43636363636363634,0.6181818181818182,2026-08-04 20:00:00,2026-08-05 00:00:00,2026-08-05 00:00:00
SOLUSDT_028,SOLUSDT,2026-08-08 08:00:00,2026-08-08 12:00:00,2026-08-17 00:00:00,75.632683,74.59761400000001,3.647638668894005,-4.049550629661717,-1.4678629720169878,0.27399292028831557,-0.6687856316264996,1.3297090361445831,0.9233030120481982,1,0,0,Breakdown below 20-bar Lower Channel ($74.69),52,3.902116402116406,-0.02275131705346753,0.4117412671005287,0.8910891089108907,0.9717208919999653,0.23857176523173715,1.0978835978835957,0.9829132010143912,0.9150924433450508,-0.23679265107844585,2.689486552567223,3.717931129098633,-0.09630942528354561,0.665562888787325,1,0.2727272727272727,0.7035714260586738,3.5944298952811025,9,1.6299918500407344,0.038670822942015286,0.8727272727272727,0.07272727272727272,2026-08-08 04:00:00,2026-08-08 08:00:00,2026-08-08 08:00:00
BNBUSDT_034,BNBUSDT,2026-08-11 20:00:00,2026-08-12 00:00:00,2026-08-13 12:00:00,616.875007,606.4437265714287,0.46329969155705897,-5.11619060107207,-1.7901421957523076,0.2833815959698075,-1.0972402919446302,0.3651518949609634,1.0189503051809798,0,0,0,STOP_LOSS,10,3.1717718789018883,-0.10807097632844659,0.2780578230186406,0.8387596899224874,5.2225325558080025,0.42690434541783695,0.8159922906391938,1.0168366184970852,1.2286853757847762,0.42023781239008345,2.9137392987667567,3.963383795812419,-0.5784116650911919,0.7464914645103327,1,0.509090909090909,0.8445807766643212,3.7817980868740517,6,2.0826727633796738,0.09842948206159789,0.8363636363636363,0.5454545454545454,2026-08-11 16:00:00,2026-08-11 20:00:00,2026-08-11 20:00:00
SOLUSDT_029,SOLUSDT,2026-08-19 08:00:00,2026-08-19 12:00:00,2026-08-31 00:00:00,77.56326200000001,101.719475,3.5411846649010674,85.22417439821082,31.028312903472244,0.31743663947294565,17.20796745868231,23.62177385086821,0.09528437180796867,1,1,1,Breakdown below 20-bar Lower Channel ($102.28),70,4.268214055448101,-0.1190816787915698,0.18085518666838982,0.863013698630126,2.8122991116695824,0.36148066147960306,0.9017223910840965,1.1241244508695172,1.1752853501880731,0.4224360303337146,1.6249508583409709,0.9239979177511631,0.25553529002337805,0.6837733961300748,4,0.41818181818181815,0.4108761316891955,4.529814209758158,11,0.8517887563884046,-0.005586561691662128,0.6727272727272727,0.7636363636363637,2026-08-19 04:00:00,2026-08-19 08:00:00,2026-08-19 08:00:00
BTCUSDT_026,BTCUSDT,2026-08-19 12:00:00,2026-08-19 16:00:00,2026-08-28 20:00:00,68574.5662,77556.755991,0.00429349462544423,38.251276569160495,12.991878218989747,0.3137070232180589,5.714561690193152,8.277181803603888,0.4807735071908665,1,1,1,Breakdown below 20-bar Lower Channel ($77632.58),56,3.8111999299822084,-0.10686254325324653,4.936985611078,0.8117465384049002,6.989456651448575,0.4426699302382252,1.1370754650140231,2.1569555424225912,5.878172757832075,4.013886429598032,5.703394615624443,8.058656270102189,5.703394615624443,1.1370754650140231,5,0.5454545454545454,0.30980318506276666,5.922668018007042,6,-0.5233670279543343,-0.04121985403192727,0.36363636363636365,0.5454545454545454,2026-08-19 08:00:00,2026-08-19 12:00:00,2026-08-19 12:00:00
ETHUSDT_024,ETHUSDT,2026-08-19 12:00:00,2026-08-19 16:00:00,2026-09-02 12:00:00,2086.4557489999997,2381.155439,0.15545308574306954,45.464724205488615,14.017353809021532,0.3472519725374304,5.0730032481960565,8.327187424422643,0.33001348746159004,1,1,1,Breakdown below 20-bar Lower Channel ($2383.34),84,2.913468499350378,-0.19271812032428381,8.077453185073104,0.8488209380668563,10.972522665210393,0.5719377210992598,1.381978123131528,2.1172582025843223,8.073793706330642,4.198743825388596,8.76727329613599,10.201030246995108,5.703394615624443,1.1370754650140231,5,0.4727272727272727,0.3939443803860559,3.7631811724750177,15,0.279501486155285,0.005999878440035745,0.5272727272727272,0.5454545454545454,2026-08-19 08:00:00,2026-08-19 12:00:00,2026-08-19 12:00:00
BNBUSDT_035,BNBUSDT,2026-08-19 20:00:00,2026-08-20 00:00:00,2026-08-31 00:00:00,627.698253,684.524581,0.4528659143679933,25.437576493108487,8.948601707037081,0.2971304967869848,5.452662821813889,9.550301331299403,0.5259710303702724,1,1,1,Breakdown below 20-bar Lower Channel ($685.39),67,3.274848209590278,-0.04070053468245014,1.1215856901136148,0.5538083538083522,5.552200154425668,0.2584418951551804,0.8208178811037756,1.5862470941810962,3.417151376376432,2.4975980966025975,3.902705566778146,2.7963436209946817,7.1214215373187155,1.2800551807088052,0,0.5272727272727272,0.9315270931371793,5.158687453429837,10,2.0929231380600695,0.19102566936054927,0.9454545454545454,1.0,2026-08-19 16:00:00,2026-08-19 20:00:00,2026-08-19 20:00:00
BNBUSDT_036,BNBUSDT,2026-09-03 12:00:00,2026-09-03 16:00:00,2026-09-04 12:00:00,727.8382859999999,710.08691,0.40104295398383255,-7.407399152423497,-2.5376981334010154,0.28833488410581065,-1.070123904866741,0.11945040556199611,1.0983943221320938,0,0,0,STOP_LOSS,6,6.238660729012039,-0.05628400929893793,1.0514034917151538,0.9772492244053747,11.59311544716379,0.4225360803970897,1.1861564681950647,1.3047657082401831,2.8703484102391097,3.1540732400857947,5.80997949419001,2.2787657271385284,5.2517448153669575,1.3182921346736072,0,0.5272727272727272,0.7546985597376877,5.941099468663473,6,3.464173005046456,0.05778033429339942,0.6909090909090909,0.38181818181818183,2026-09-03 08:00:00,2026-09-03 12:00:00,2026-09-03 12:00:00
BTCUSDT_027,BTCUSDT,2026-09-03 16:00:00,2026-09-03 20:00:00,2026-09-04 12:00:00,81779.936623,79547.13584071428,0.003740525207335336,-8.653571599685844,-2.8288898402825704,0.30172399058806887,-1.0590831773327363,0.2380803409496664,1.4282789517501309,0,0,0,STOP_LOSS,5,6.378623751015371,-0.05400742709463198,0.33940087779814343,0.9705987352101212,13.071165126293444,0.4260666891556895,1.3359378034694327,1.2557237999107904,1.4681817528469752,0.8317408420083793,5.707080561049593,2.309117272778354,5.707080561049593,1.3359378034694327,0,0.7636363636363637,0.8621319029501382,4.862783625000109,4,5.1803127093395025,0.09088793781501554,0.7272727272727273,0.7636363636363637,2026-09-03 12:00:00,2026-09-03 16:00:00,2026-09-03 16:00:00
BNBUSDT_037,BNBUSDT,2026-09-05 04:00:00,2026-09-05 08:00:00,2026-09-10 00:00:00,738.4714749999999,722.423208,0.39225915461967237,-6.581604303201701,-2.272086994490863,0.28652465667097715,-0.7203373222355055,1.810362925482987,0.9570090463048163,1,0,0,Breakdown below 20-bar Lower Channel ($733.00),29,7.09244835760244,-0.07094055747698622,1.1439923277161286,0.9355354288758637,12.066603120483869,0.7128822970367926,1.5775724444874457,1.3848603869295621,1.6175171389078207,1.1294993812814047,3.324002799160252,7.278830504533834,-1.1739979495856818,1.3577466175046204,3,0.9636363636363636,0.3527501909181154,4.959004189593694,8,1.2610216934919511,-0.09108171762300599,0.7454545454545455,0.9272727272727272,2026-09-05 00:00:00,2026-09-05 04:00:00,2026-09-05 04:00:00
ETHUSDT_025,ETHUSDT,2026-09-11 12:00:00,2026-09-11 16:00:00,2026-09-13 12:00:00,2560.1978289999997,2462.2511030000005,0.11589786720781708,-11.64286220307785,-3.9238354680285643,0.29104555968948936,-1.0417707193404486,0.24538184175049713,1.018125365550139,0,0,0,STOP_LOSS,12,5.501637089653122,-0.037852319297830166,0.5010484320639669,0.5410817328395495,10.572716818286768,0.03776975360435135,1.8838252416563122,1.4815131837193731,5.775738155594186,3.8844057056674965,4.8281002973533145,4.3817649409864705,0.6242718446601941,1.314413993456475,5,0.6,0.44027245632692374,4.186412961443017,10,0.685223260728885,-0.01004381317818584,0.5636363636363636,0.5818181818181818,2026-09-11 08:00:00,2026-09-11 12:00:00,2026-09-11 12:00:00
BTCUSDT_028,BTCUSDT,2026-09-18 12:00:00,2026-09-18 16:00:00,2026-09-28 08:00:00,80749.81768000001,82941.1102,0.0037560932225836324,7.923279790665923,2.61232423386939,0.3074191924042471,1.0531220303139,3.31788061155572,0.3114152663556714,1,1,1,Breakdown below 20-bar Lower Channel ($83183.00),59,6.0972355733497166,-0.0511806583916883,1.0459381649768504,0.8651728114581293,6.8173973283258,0.23137398146329569,1.2406482135601515,1.0460392090487913,2.9881480920278487,2.8487778132518256,5.138824545607655,3.850846977927444,5.138824545607655,1.2406482135601515,2,0.4727272727272727,0.6332455248901931,6.1203944995251,5,1.6696924108241264,0.0693667559700446,0.6909090909090909,0.4727272727272727,2026-09-18 08:00:00,2026-09-18 12:00:00,2026-09-18 12:00:00
SOLUSDT_030,SOLUSDT,2026-09-18 12:00:00,2026-09-18 16:00:00,2026-10-01 16:00:00,111.183345,117.344786,2.323265434351822,14.04919714733347,5.438923369772696,0.2654657537646625,1.4147806999164458,3.220808322192516,0.8851408756684493,1,1,1,BACKTEST_END,79,9.76158344579398,-0.012495525101294718,4.199868754101438,0.9293739967897275,14.621252237431928,0.9815703617359487,1.9227556069661342,1.1251081052338916,2.932207033586128,3.2840326877358597,9.734425905814986,9.388839681133753,5.138824545607655,1.2406482135601515,2,0.38181818181818183,0.5511520732247446,6.1873726734732335,3,4.39332609339519,0.09649847004076242,0.8181818181818182,0.4727272727272727,2026-09-18 08:00:00,2026-09-18 12:00:00,2026-09-18 12:00:00
BNBUSDT_038,BNBUSDT,2026-09-18 16:00:00,2026-09-18 20:00:00,2026-09-20 00:00:00,766.689938,746.734483857143,0.37524649919597874,-7.772167915022759,-2.701504914465896,0.2839536080497955,-1.0620845687238971,0.3625407222914088,1.0660725661123767,0,0,0,STOP_LOSS,8,7.597265349789946,0.04518666113412963,0.5167077584850305,0.8076622361219757,9.596853456493013,0.8002008677254644,1.2721752323297064,1.0628350301208183,1.1777107962303381,0.4140779892938314,4.624750880449916,5.706956473768411,6.0197266078639835,1.22369146129576,0,0.509090909090909,0.5294521723287892,6.022606376749679,3,3.3416145676922526,0.11770218416408647,0.8727272727272727,0.7272727272727273,2026-09-18 12:00:00,2026-09-18 16:00:00,2026-09-18 16:00:00
BNBUSDT_039,BNBUSDT,2026-09-21 08:00:00,2026-09-21 12:00:00,2026-09-23 12:00:00,790.83718,767.7853095714286,0.3608404764540473,-8.59925494947711,-3.013411897674946,0.2812070408744739,-1.054743751349891,0.7370367981790581,1.4272272382397515,0,0,0,STOP_LOSS,13,6.291344657922365,-0.09867293882437174,0.7197818997146322,0.8630882924931942,11.513141816016324,0.8831831059286502,1.4289147439499725,1.1760856620712992,2.6108125698886147,2.8278646154299074,5.05188748189585,9.478508917691377,5.458833789686588,1.0360868347744805,2,0.7636363636363637,0.6942098912958983,5.038419790858982,3,2.1419365125765695,0.10163712519563574,0.7272727272727273,0.2,2026-09-21 04:00:00,2026-09-21 08:00:00,2026-09-21 08:00:00
ETHUSDT_026,ETHUSDT,2026-09-21 08:00:00,2026-09-21 12:00:00,2026-09-23 16:00:00,2726.197614,2643.905161857143,0.12269563340947909,-10.426368621265963,-3.1170705709078295,0.3294440807788971,-1.053247383387039,1.0057133027604157,1.125508256458385,1,0,0,STOP_LOSS,14,9.936595997622348,0.06866766217684486,0.6529526904753219,0.7238127315594491,13.012883277700302,1.0152194917165271,1.480186773430283,1.0182512478341075,2.749412207041598,2.415027937754498,5.672565410921731,8.615062111182407,5.458833789686588,1.0360868347744805,1,0.14545454545454545,0.5012370296332759,7.506712071732197,1,3.201916962637837,0.08967203765821627,0.7090909090909091,0.2,2026-09-21 04:00:00,2026-09-21 08:00:00,2026-09-21 08:00:00
