timestamp,asset,breakout_id,baseline_signal,ai_predicted_r,threshold,ai_decision,baseline_entry,shadow_entry,eventual_realized_r,baseline_counterfactual_pnl,shadow_realized_pnl,avoided_loss,opportunity_cost,would_have_been_vetoed,pnl_delta,dist_to_ema200_pct,natr,btc_ret_24h
2025-01-17 00:00:00,BTCUSDT,BTCUSDT_001,BUY,1.5351105311707909,0.3560245357269035,PASS,101082.045519,101082.045519,0.063101740366931,0.5400132772906355,0.5400132772906355,0.0,0.0,False,0.0,5.936893275446403,1.4267310698900737,1.581957342741907
2025-01-17 08:00:00,BNBUSDT,BNBUSDT_001,BUY,1.1708550909664137,0.3560245357269035,PASS,725.01744,725.01744,-1.0592205566543462,-8.468342910531536,-8.468342910531536,0.0,0.0,False,0.0,3.239595539374121,1.3328800063071575,3.105012156773721
2025-01-17 08:00:00,SOLUSDT,SOLUSDT_001,BUY,0.8921072424349732,0.3560245357269035,PASS,218.835631,218.835631,1.6579940854797592,16.495875567326557,16.495875567326557,0.0,0.0,False,0.0,12.083361434293469,2.9434043581321507,3.105012156773721
2025-02-12 12:00:00,BNBUSDT,BNBUSDT_002,BUY,0.8741196764222436,0.3560245357269035,PASS,659.1976999999999,659.1976999999999,-0.2906197795609214,-2.8613589252059755,-2.8613589252059755,0.0,0.0,False,0.0,1.4392231293125108,2.229168879649161,-1.228100540236419
2025-03-15 20:00:00,BNBUSDT,BNBUSDT_003,BUY,1.084240071108288,0.3560245357269035,PASS,620.005946,620.005946,-1.058005900380791,-8.449535191378677,-8.449535191378677,0.0,0.0,False,0.0,2.0441573155886643,1.3466826157402605,0.4229893597767235
2025-03-17 00:00:00,BNBUSDT,BNBUSDT_004,BUY,1.1489376471674904,0.3560245357269035,PASS,625.637635,625.637635,-0.6337388360192927,-6.15748275315279,-6.15748275315279,0.0,0.0,False,0.0,2.9936963176550724,1.692952502769432,-0.7786929664230856
2025-03-19 16:00:00,BTCUSDT,BTCUSDT_002,BUY,1.1357103465882077,0.3560245357269035,PASS,85459.010014,85459.010014,-0.1481910647986739,-1.2536180596490534,-1.2536180596490534,0.0,0.0,False,0.0,-2.779487372011305,1.409573668478794,3.7855631890342223
2025-03-24 00:00:00,SOLUSDT,SOLUSDT_002,BUY,1.6320075695622784,0.3560245357269035,PASS,138.201448,138.201448,-1.044247952037845,-10.52583131961662,-10.52583131961662,0.0,0.0,False,0.0,-4.504080049606,1.7758913061460897,2.7399189237226977
2025-03-24 08:00:00,ETHUSDT,ETHUSDT_001,BUY,0.6358663561257334,0.3560245357269035,PASS,2093.397831,2093.397831,-1.060177345036287,-8.34299619001628,-8.34299619001628,0.0,0.0,False,0.0,-4.47657280386445,1.3119658907299214,3.554003726264019
2025-04-12 04:00:00,SOLUSDT,SOLUSDT_003,BUY,0.8837348188124033,0.3560245357269035,PASS,124.297278,124.297278,0.0455914019492404,0.4562186194811315,0.4562186194811315,0.0,0.0,False,0.0,-2.9415395781714295,2.831045503667428,3.0248037450982466
2025-04-12 12:00:00,BTCUSDT,BTCUSDT_003,BUY,1.4787636337227639,0.3560245357269035,PASS,85033.90251999999,85033.90251999999,2.9431104905195378,29.17018697837337,29.17018697837337,0.0,0.0,False,0.0,1.2969637793109965,1.8237769107859592,3.0133392727782873
2025-04-19 00:00:00,SOLUSDT,SOLUSDT_004,BUY,1.610230391778503,0.3560245357269035,PASS,138.86164599999998,138.86164599999998,0.5221832561748808,5.219527842044813,5.219527842044813,0.0,0.0,False,0.0,7.5423831774054175,2.18319715150143,0.0656740698825934
2025-04-21 00:00:00,BNBUSDT,BNBUSDT_005,BUY,1.282972030397492,0.3560245357269035,PASS,602.4406779999999,602.4406779999999,-1.1236797118355988,-4.26307291797843,-4.26307291797843,0.0,0.0,False,0.0,1.329716972880555,0.6493506493506493,2.391427096374835
2025-04-22 12:00:00,ETHUSDT,ETHUSDT_002,BUY,0.3726480642367876,0.3560245357269035,PASS,1703.5109,1703.5109,1.319710382643614,13.003585743749596,13.003585743749596,0.0,0.0,False,0.0,-2.927235838707817,2.2925794412749876,3.2822040597513964
2025-05-08 00:00:00,ETHUSDT,ETHUSDT_003,BUY,1.1109284742177752,0.3560245357269035,PASS,1901.660327,1901.660327,7.123797273171894,71.00723310371555,71.00723310371555,0.0,0.0,False,0.0,6.313115330682281,1.859487364458172,2.74165888656666
2025-05-08 00:00:00,BNBUSDT,BNBUSDT_006,BUY,1.7365943845605605,0.3560245357269035,PASS,611.1833,611.1833,4.049491933511294,20.63432559260443,20.63432559260443,0.0,0.0,False,0.0,2.0716945766833783,0.8759787978760459,2.74165888656666
2025-05-08 00:00:00,BTCUSDT,BTCUSDT_004,BUY,2.0166257655732207,0.3560245357269035,PASS,99182.535837,99182.535837,1.105957697771499,7.921309093881476,7.921309093881476,0.0,0.0,False,0.0,8.991377980369691,1.1610515447926375,2.74165888656666
2025-05-08 08:00:00,SOLUSDT,SOLUSDT_005,BUY,1.0786914106651597,0.3560245357269035,PASS,154.616371,154.616371,2.1801469254356727,21.87340556029778,21.87340556029778,0.0,0.0,False,0.0,9.27636053968484,1.8031589940757289,2.433562640453237
2025-05-13 16:00:00,SOLUSDT,SOLUSDT_006,BUY,0.7128371392586049,0.3560245357269035,PASS,182.104615,182.104615,-1.02526380844305,-10.544766673238106,-10.544766673238106,0.0,0.0,False,0.0,21.558107020127323,3.06940793345627,2.878676614961713
2025-05-18 20:00:00,BTCUSDT,BTCUSDT_005,BUY,0.9081627596853037,0.3560245357269035,PASS,106486.206281,106486.206281,-1.0825963918612058,-6.456165875867396,-6.456165875867396,0.0,0.0,False,0.0,9.838066443397778,0.9593322052118912,3.226721705786041
2025-05-21 12:00:00,BTCUSDT,BTCUSDT_006,BUY,1.2820712658883597,0.3560245357269035,PASS,109006.032002,109006.032002,-1.060697900279888,-8.523594477441655,-8.523594477441655,0.0,0.0,False,0.0,10.95571974620704,1.3007859261002812,3.4553715392835542
2025-05-22 00:00:00,BTCUSDT,BTCUSDT_007,BUY,0.5117092747057252,0.3560245357269035,PASS,111814.374252,111814.374252,-1.0496986593012847,-10.188074493713032,-10.188074493713032,0.0,0.0,False,0.0,13.411338751845095,1.5842051796558874,4.621007212505682
2025-05-23 00:00:00,SOLUSDT,SOLUSDT_007,BUY,1.08301792556069,0.3560245357269035,PASS,185.065503,185.065503,-1.0340927385404743,-10.500079356512776,-10.500079356512776,0.0,0.0,False,0.0,16.243706466558884,2.3702702702702707,-0.6090757593161777
2025-05-29 00:00:00,ETHUSDT,ETHUSDT_004,BUY,1.1731628461688421,0.3560245357269035,PASS,2763.32875,2763.32875,-1.0370523380619996,-11.076624341958915,-11.076624341958915,0.0,0.0,False,0.0,18.540941380600103,2.113484162895926,-0.7520968433537542
2025-06-09 08:00:00,BTCUSDT,BTCUSDT_008,BUY,2.791359938610829,0.3560245357269035,PASS,107791.537763,107791.537763,-1.1243817299245202,-4.358386093787338,-4.358386093787338,0.0,0.0,False,0.0,4.035327790971503,0.6390716593306248,1.9609844984293672
2025-06-09 20:00:00,ETHUSDT,ETHUSDT_005,BUY,0.5876281133050891,0.3560245357269035,PASS,2680.934039,2680.934039,-1.0553726414854585,-9.597894778684733,-9.597894778684733,0.0,0.0,False,0.0,9.714949593395806,1.424184647759625,4.283409310155677
2025-06-10 20:00:00,BNBUSDT,BNBUSDT_007,BUY,1.8163587112821946,0.3560245357269035,PASS,673.712053,673.712053,-1.090435176608609,-5.680348650493453,-5.680348650493453,0.0,0.0,False,0.0,3.2869050482451536,0.876856213822258,0.0103117074065224
2025-06-11 00:00:00,SOLUSDT,SOLUSDT_008,BUY,0.9065378745228072,0.3560245357269035,PASS,166.72000099999997,166.72000099999997,-1.0328830081739413,-10.39204419746366,-10.39204419746366,0.0,0.0,False,0.0,4.551953015176641,2.3750953552357523,0.1414007481379995
2025-06-28 16:00:00,SOLUSDT,SOLUSDT_009,BUY,1.2964371946426185,0.3560245357269035,PASS,150.71520099999998,150.71520099999998,-0.8681314542463494,-8.637168097686796,-8.637168097686796,0.0,0.0,False,0.0,0.4983738105699513,2.0821283979178737,0.3976741046106125
2025-06-29 08:00:00,BTCUSDT,BTCUSDT_009,BUY,3.1373590706414154,0.3560245357269035,PASS,108509.663136,108509.663136,-1.1531788629058586,-3.618573957648086,-3.618573957648086,0.0,0.0,False,0.0,3.215853998091073,0.5195822944977587,1.0279269379498972
2025-06-29 20:00:00,BNBUSDT,BNBUSDT_008,BUY,3.2324886078472983,0.3560245357269035,PASS,655.09647,655.09647,-1.1814331934782512,-3.063520872241861,-3.063520872241861,0.0,0.0,False,0.0,1.20234845951593,0.4389983203542513,0.988044469923098
2025-07-02 12:00:00,BNBUSDT,BNBUSDT_009,BUY,1.0343471424131583,0.3560245357269035,PASS,661.848495,661.848495,-1.1147814851436983,-4.586353708619822,-4.586353708619822,0.0,0.0,False,0.0,2.086039802518619,0.6986967448850058,2.6261670264729036
2025-07-02 16:00:00,BTCUSDT,BTCUSDT_010,BUY,1.429858635716069,0.3560245357269035,PASS,109709.042842,109709.042842,-1.0897310297181686,-5.794759237103562,-5.794759237103562,0.0,0.0,False,0.0,3.954616023308709,0.8836763792536297,4.058510113945612
2025-07-02 16:00:00,ETHUSDT,ETHUSDT_006,BUY,0.7998917186241046,0.3560245357269035,PASS,2605.511419,2605.511419,-1.0441577336030166,-10.923712223087607,-10.923712223087607,0.0,0.0,False,0.0,5.695152993777665,1.7794550682796302,4.058510113945612
2025-07-09 12:00:00,ETHUSDT,ETHUSDT_007,BUY,1.149653218789293,0.3560245357269035,PASS,2657.637052,2657.637052,10.867124771038451,100.96092976230784,100.96092976230784,0.0,0.0,False,0.0,6.438980305416115,1.4835080044370796,0.7416479515943497
2025-07-09 16:00:00,BNBUSDT,BNBUSDT_010,BUY,2.844982346311547,0.3560245357269035,PASS,669.460778,669.460778,15.145777889757984,51.70875968183885,51.70875968183885,0.0,0.0,False,0.0,2.6264394440524046,0.5825197126036888,2.7379502864159333
2025-07-09 16:00:00,BTCUSDT,BTCUSDT_011,BUY,1.3919955775111057,0.3560245357269035,PASS,111783.514997,111783.514997,2.5355733747552684,12.97302959330627,12.97302959330627,0.0,0.0,False,0.0,4.838990205179262,0.8551812080536902,2.7379502864159333
2025-07-10 20:00:00,SOLUSDT,SOLUSDT_010,BUY,0.9133288232141914,0.3560245357269035,PASS,164.379299,164.379299,-1.039846430750685,-10.265474602578902,-10.265474602578902,0.0,0.0,False,0.0,8.922108032890044,1.8932874354561129,4.293660597808273
2025-07-16 16:00:00,SOLUSDT,SOLUSDT_011,BUY,0.9078972036183255,0.3560245357269035,PASS,174.202245,174.202245,0.4300304828787598,4.204744047483981,4.204744047483981,0.0,0.0,False,0.0,12.694066423983452,2.1954360522343985,2.4172693683956146
2025-08-07 20:00:00,ETHUSDT,ETHUSDT_008,BUY,0.8464588519070814,0.3560245357269035,PASS,3911.47309,3911.47309,2.823829569442812,32.07254325453212,32.07254325453212,0.0,0.0,False,0.0,14.77015700602544,1.826362323484034,2.156440602485707
2025-08-10 00:00:00,BTCUSDT,BTCUSDT_012,BUY,2.0537259364903004,0.3560245357269035,PASS,118535.55,118535.55,-1.113341774368108,-4.729264976408061,-4.729264976408061,0.0,0.0,False,0.0,2.9835691771642683,0.7008836648583485,1.818110580654512
2025-08-10 00:00:00,SOLUSDT,SOLUSDT_012,BUY,1.5289072887385258,0.3560245357269035,PASS,185.03549399999997,185.03549399999997,-1.0386400129354652,-10.180088047149004,-10.180088047149004,0.0,0.0,False,0.0,8.045746978286653,2.0284046151707513,1.818110580654512
2025-08-11 00:00:00,BNBUSDT,BNBUSDT_011,BUY,1.40253789741192,0.3560245357269035,PASS,821.436357,821.436357,-1.0603770024677366,-8.556981881749033,-8.556981881749033,0.0,0.0,False,0.0,8.933396406691454,1.307684144786401,2.7248860759493714
2025-08-12 16:00:00,SOLUSDT,SOLUSDT_013,BUY,0.7917598469122878,0.3560245357269035,PASS,190.707195,190.707195,-0.932581274203413,-9.044760719545934,-9.044760719545934,0.0,0.0,False,0.0,10.491588632233055,2.3282477069720047,0.4836454660494277
2025-08-12 16:00:00,BNBUSDT,BNBUSDT_012,BUY,1.0894946718006668,0.3560245357269035,PASS,832.0095279999999,832.0095279999999,-0.3381334625967696,-3.305256787238635,-3.305256787238635,0.0,0.0,False,0.0,9.55822603079979,1.597301419365477,0.4836454660494277
2025-08-22 16:00:00,BNBUSDT,BNBUSDT_013,BUY,0.5748408304933251,0.3560245357269035,PASS,894.86838,894.86838,-1.040531393296754,-10.500319287977188,-10.500319287977188,0.0,0.0,False,0.0,12.105088860845822,1.9355817444348629,3.9771213555554823
2025-08-22 16:00:00,ETHUSDT,ETHUSDT_009,BUY,0.2767168548812735,0.3560245357269035,VETO,4834.4499,,-1.030759654652623,-12.061729317825744,0.0,12.061729317825744,0.0,True,12.061729317825744,21.766357919403127,2.534894032100737,3.9771213555554823
2025-08-24 00:00:00,SOLUSDT,SOLUSDT_014,BUY,1.314591806161641,0.3560245357269035,PASS,209.122718,209.122718,-1.0300445604694306,-9.907964617034196,-9.907964617034196,0.0,0.0,False,0.0,15.337400793051009,2.6712679810024955,-0.4609982437296893
2025-09-07 12:00:00,BNBUSDT,BNBUSDT_014,BUY,1.5422076664208326,0.3560245357269035,PASS,874.9424039999999,874.9424039999999,6.83621496411577,28.47120119182837,28.47120119182837,0.0,0.0,False,0.0,4.712453275006003,0.6898849538443459,0.8568621491400814
2025-09-08 08:00:00,SOLUSDT,SOLUSDT_015,BUY,0.9464010886658566,0.3560245357269035,PASS,214.344284,214.344284,3.060050889018522,24.372469297464487,24.372469297464487,0.0,0.0,False,0.0,9.880719522663812,1.3857036187631688,0.6831570210759631
2025-09-10 12:00:00,BTCUSDT,BTCUSDT_013,BUY,1.395279658666889,0.3560245357269035,PASS,113888.146197,113888.146197,0.2892440681118976,1.6241743735705052,1.6241743735705052,0.0,0.0,False,0.0,1.02222875305497,0.93086454727799,2.681466108277045
2025-09-12 00:00:00,ETHUSDT,ETHUSDT_010,BUY,1.4478380429165627,0.3560245357269035,PASS,4506.901665,4506.901665,-1.0566643189916285,-10.279978697823005,-10.279978697823005,0.0,0.0,False,0.0,5.371129523353692,1.3921718769073703,0.6941695197404307
2025-10-01 08:00:00,BTCUSDT,BTCUSDT_014,BUY,1.9514608375796398,0.3560245357269035,PASS,116824.606871,116824.606871,1.0039710986218258,5.278897989334547,5.278897989334547,0.0,0.0,False,0.0,3.149776358562667,0.8702409189978366,3.303321100055634
2025-10-01 20:00:00,ETHUSDT,ETHUSDT_011,BUY,0.8203969036271339,0.3560245357269035,PASS,4349.334409,4349.334409,0.13156341462251,1.4379482203590082,1.4379482203590082,0.0,0.0,False,0.0,1.8747951100706397,1.5779559938638883,3.9860610704545953
2025-10-01 20:00:00,SOLUSDT,SOLUSDT_016,BUY,0.9964371962630727,0.3560245357269035,PASS,222.106612,222.106612,0.1620158444767463,1.5797704337122336,1.5797704337122336,0.0,0.0,False,0.0,3.8161248292330767,1.9365880021617712,3.9860610704545953
2025-10-02 08:00:00,BNBUSDT,BNBUSDT_015,BUY,1.1572929164764112,0.3560245357269035,PASS,1048.124343,1048.124343,5.831670999819185,49.13400665460472,49.13400665460472,0.0,0.0,False,0.0,10.592151770462262,1.3572526098652011,1.6920601992061228
2025-10-26 08:00:00,SOLUSDT,SOLUSDT_017,BUY,1.482421832981339,0.3560245357269035,PASS,197.799322,197.799322,-1.0484932777752227,-9.728327940471477,-9.728327940471477,0.0,0.0,False,0.0,-1.8215816505171651,1.5716091746433083,1.543762264841976
2025-10-26 20:00:00,ETHUSDT,ETHUSDT_012,BUY,0.8904241784305291,0.3560245357269035,PASS,4159.707538,4159.707538,-1.067459547350214,-8.67626181122417,-8.67626181122417,0.0,0.0,False,0.0,1.4556899653460729,1.1719997993762812,2.6092497313165857
2025-10-26 20:00:00,BTCUSDT,BTCUSDT_015,BUY,1.1916625997025476,0.3560245357269035,PASS,114593.777823,114593.777823,-1.107764337919808,-4.9582337681220885,-4.9582337681220885,0.0,0.0,False,0.0,1.4807332603505774,0.736931483330293,2.6092497313165857
2025-10-27 08:00:00,BNBUSDT,BNBUSDT_016,BUY,0.6458918925257993,0.3560245357269035,PASS,1180.043907,1180.043907,-1.0623704647777017,-8.70202569466618,-8.70202569466618,0.0,0.0,False,0.0,6.910823054861432,1.259702830017315,1.8324668103559827
2025-12-03 20:00:00,ETHUSDT,ETHUSDT_013,BUY,0.8148518479239172,0.3560245357269035,PASS,3189.346517,3189.346517,-1.0358272187286504,-11.80324239876636,-11.80324239876636,0.0,0.0,False,0.0,-0.5621244019571704,2.197031882042357,2.3577125147954714
2025-12-03 20:00:00,BNBUSDT,BNBUSDT_017,BUY,1.3525996539794836,0.3560245357269035,PASS,921.046231,921.046231,-1.044177484996099,-11.131979151187666,-11.131979151187666,0.0,0.0,False,0.0,-0.5412361686756954,1.790756704089168,2.3577125147954714
2025-12-09 12:00:00,ETHUSDT,ETHUSDT_014,BUY,1.2124286778338553,0.3560245357269035,PASS,3246.853764,3246.853764,-1.032175365427315,-11.65058613902739,-11.65058613902739,0.0,0.0,False,0.0,2.1586104907334804,2.4260645143117694,3.052576900507406
2026-01-02 12:00:00,BNBUSDT,BNBUSDT_018,BUY,1.3018227612823468,0.3560245357269035,PASS,878.2633999999999,878.2633999999999,0.3535983374245868,2.039197656003272,2.039197656003272,0.0,0.0,False,0.0,0.7172112472684664,0.903443417025575,1.5743447452965582
2026-01-02 12:00:00,ETHUSDT,ETHUSDT_015,BUY,0.8004168964148922,0.3560245357269035,PASS,3087.565992,3087.565992,1.74581474878403,13.171903690038308,13.171903690038308,0.0,0.0,False,0.0,1.70178378963276,1.1190161470077515,1.5743447452965582
2026-01-03 20:00:00,SOLUSDT,SOLUSDT_018,BUY,1.5858069860407995,0.3560245357269035,PASS,133.410011,133.410011,1.0215012172061309,9.3853984726112,9.3853984726112,0.0,0.0,False,0.0,2.091162903407273,1.57188915905269,0.7032380529924119
2026-01-04 00:00:00,BTCUSDT,BTCUSDT_016,BUY,2.1411626100887617,0.3560245357269035,PASS,91264.151034,91264.151034,-0.4837005777087224,-2.763024370977451,-2.763024370977451,0.0,0.0,False,0.0,1.7142837215679183,0.9451208790389776,1.013670984515043
2026-01-13 16:00:00,BNBUSDT,BNBUSDT_019,BUY,1.422373467430439,0.3560245357269035,PASS,941.78245,941.78245,-1.074795533181584,-7.274531644388946,-7.274531644388946,0.0,0.0,False,0.0,6.238590832314113,1.058265685456338,2.5751549047819524
2026-01-13 20:00:00,BTCUSDT,BTCUSDT_017,BUY,0.9427203041941432,0.3560245357269035,PASS,95442.614197,95442.614197,-0.788077938601914,-5.976333822225191,-5.976333822225191,0.0,0.0,False,0.0,5.309794042390488,1.2581644203156768,4.510373925749377
2026-02-15 04:00:00,SOLUSDT,SOLUSDT_019,BUY,1.1392341456897506,0.3560245357269035,PASS,90.767222,90.767222,-1.0374352139578604,-10.134266168169772,-10.134266168169772,0.0,0.0,False,0.0,-13.872619155319535,2.0923202871626954,2.324728695452687
2026-02-25 16:00:00,ETHUSDT,ETHUSDT_016,BUY,0.1728056550671082,0.3560245357269035,VETO,2071.72133,,-1.0331769776427782,-11.675333883864452,0.0,11.675333883864452,0.0,True,11.675333883864452,-6.975900668998876,2.354545893486553,7.1439867413734355
2026-02-25 16:00:00,SOLUSDT,SOLUSDT_020,BUY,-0.0483797648873735,0.3560245357269035,VETO,89.456829,,-1.032498554255317,-9.991333064398544,0.0,9.991333064398544,0.0,True,9.991333064398544,-5.727456387200157,2.402517531668823,7.1439867413734355
2026-03-02 12:00:00,BNBUSDT,BNBUSDT_020,BUY,0.9226105400594254,0.3560245357269035,PASS,646.4438749999999,646.4438749999999,-1.0403391746675024,-10.932719900879407,-10.932719900879407,0.0,0.0,False,0.0,-3.545963883449357,1.9446255871787763,3.4226468760406923
2026-03-04 08:00:00,BTCUSDT,BTCUSDT_018,BUY,0.6223688442355804,0.3560245357269035,PASS,71132.73341999999,71132.73341999999,-1.0323004023514544,-10.247918898256891,-10.247918898256891,0.0,0.0,False,0.0,-0.0454593243213377,2.4169000027723104,6.094281062401923
2026-03-04 12:00:00,SOLUSDT,SOLUSDT_021,BUY,-0.34039026019976515,0.3560245357269035,VETO,92.967882,,-1.0231625809392242,-9.81647403646601,0.0,9.81647403646601,0.0,True,9.81647403646601,1.3885209538075882,3.338559439269574,8.373572793001674
2026-03-04 12:00:00,ETHUSDT,ETHUSDT_017,BUY,-0.3184236138476705,0.3560245357269035,VETO,2150.875069,,-1.0253868253656293,-11.485011833048704,0.0,11.485011833048704,0.0,True,11.485011833048704,0.1558326524466306,3.0549888018623945,8.373572793001674
2026-03-04 12:00:00,BNBUSDT,BNBUSDT_021,BUY,0.3655439862101983,0.3560245357269035,PASS,661.368351,661.368351,-1.039299267344452,-10.811129623308958,-10.811129623308958,0.0,0.0,False,0.0,-0.7747952836596427,1.9950563827327732,8.373572793001674
2026-03-13 08:00:00,BNBUSDT,BNBUSDT_022,BUY,0.8598246866806968,0.3560245357269035,PASS,666.8399919999999,666.8399919999999,-1.0596076580906095,-8.730627366755542,-8.730627366755542,0.0,0.0,False,0.0,1.678882399275308,1.324338687833228,2.5570970372399286
2026-03-16 00:00:00,ETHUSDT,ETHUSDT_018,BUY,0.21043560674727713,0.3560245357269035,VETO,2236.340701,,-1.0525926996300352,-10.539192595691178,0.0,10.539192595691178,0.0,True,10.539192595691178,6.3382041206116515,1.498336388771916,3.0970890574602064
2026-03-16 16:00:00,SOLUSDT,SOLUSDT_022,BUY,-0.03704164352324735,0.3560245357269035,VETO,95.23856299999998,,-1.0441749285744342,-9.877288361570008,0.0,9.877288361570008,0.0,True,9.877288361570008,6.441268012228492,1.7787747385478705,3.3725534920085156
2026-03-16 20:00:00,BTCUSDT,BTCUSDT_019,BUY,0.6796563629898471,0.3560245357269035,PASS,74907.13540099999,74907.13540099999,-1.061397227129687,-8.09574781247557,-8.09574781247557,0.0,0.0,False,0.0,5.740099029287435,1.286234075488536,2.8420286742170906
2026-04-06 08:00:00,BTCUSDT,BTCUSDT_020,BUY,0.7703236473559355,0.3560245357269035,PASS,69635.794473,69635.794473,-1.0867276387150886,-5.8419019313803755,-5.8419019313803755,0.0,0.0,False,0.0,0.726859808047086,0.9139985754693698,3.904401558232218
2026-04-07 20:00:00,BTCUSDT,BTCUSDT_021,BUY,1.0136485702409104,0.3560245357269035,PASS,71945.797266,71945.797266,2.01039792875519,19.305132351418067,19.305132351418067,0.0,0.0,False,0.0,4.047460635904299,1.6424717570798824,4.4595450699352766
2026-04-07 20:00:00,ETHUSDT,ETHUSDT_019,BUY,1.074795557692089,0.3560245357269035,PASS,2240.6820030000003,2240.6820030000003,0.2041333300220902,2.2370926473743835,2.2370926473743835,0.0,0.0,False,0.0,6.696167931389076,2.150564378858,4.4595450699352766
2026-04-16 16:00:00,BNBUSDT,BNBUSDT_023,BUY,1.4408756981891266,0.3560245357269035,PASS,636.740965,636.740965,-1.0642549907701426,-8.073955811274162,-8.073955811274162,0.0,0.0,False,0.0,2.814923711543878,1.2297317010222484,0.4538376002965222
2026-04-16 16:00:00,SOLUSDT,SOLUSDT_023,BUY,0.7405896408588363,0.3560245357269035,PASS,90.12703,90.12703,-1.041317011435723,-9.753443101336352,-9.753443101336352,0.0,0.0,False,0.0,6.091671168191228,1.899476771840814,0.4538376002965222
2026-04-22 12:00:00,BNBUSDT,BNBUSDT_024,BUY,1.2547537181168384,0.3560245357269035,PASS,649.29473,649.29473,-1.077556692358261,-6.73383443386371,-6.73383443386371,0.0,0.0,False,0.0,4.206868741682295,1.020974096001056,4.533877323888223
2026-05-04 00:00:00,BTCUSDT,BTCUSDT_022,BUY,1.4651771185634832,0.3560245357269035,PASS,80340.39489,80340.39489,-1.105868281168378,-4.944648456922958,-4.944648456922958,0.0,0.0,False,0.0,7.1611408627314415,0.749931293976459,2.702233722763855
2026-05-05 00:00:00,BTCUSDT,BTCUSDT_023,BUY,0.883389278622996,0.3560245357269035,PASS,80917.347924,80917.347924,-1.0637611893016,-7.820028426105685,-7.820028426105685,0.0,0.0,False,0.0,7.517460987626673,1.239137425069521,0.718123130905795
2026-05-06 08:00:00,SOLUSDT,SOLUSDT_024,BUY,1.0594091140999617,0.3560245357269035,PASS,89.896961,89.896961,0.1661141888127828,1.296283081506303,1.296283081506303,0.0,0.0,False,0.0,5.561221914300197,1.3924875613982086,1.8624423788219409
2026-05-06 08:00:00,ETHUSDT,ETHUSDT_020,BUY,1.9005611937958315,0.3560245357269035,PASS,2411.1931409999997,2411.1931409999997,-1.0531536733222713,-10.357408707198454,-10.357408707198454,0.0,0.0,False,0.0,5.7972593009392295,1.4827576601836387,1.8624423788219409
2026-05-06 08:00:00,BNBUSDT,BNBUSDT_025,BUY,1.4059464792544958,0.3560245357269035,PASS,652.7557679999999,652.7557679999999,-1.0747029599173423,-6.923847719935496,-6.923847719935496,0.0,0.0,False,0.0,4.467025212437707,1.0595632147673295,1.8624423788219409
2026-05-11 20:00:00,BNBUSDT,BNBUSDT_026,BUY,1.3695095748585682,0.3560245357269035,PASS,670.80118,670.80118,-1.0709906298317706,-7.207165214557968,-7.207165214557968,0.0,0.0,False,0.0,6.116813131614076,1.1143538835158258,-0.564918628581648
2026-05-13 00:00:00,BNBUSDT,BNBUSDT_027,BUY,1.1143089610730201,0.3560245357269035,PASS,681.484384,681.484384,-1.051903120023482,-9.57339948782424,-9.57339948782424,0.0,0.0,False,0.0,7.441213119177884,1.5179410185868605,0.2358658159262193
2026-05-25 12:00:00,BNBUSDT,BNBUSDT_028,BUY,2.46884556226284,0.3560245357269035,PASS,667.980334,667.980334,-1.0811273709442435,-6.268948052430843,-6.268948052430843,0.0,0.0,False,0.0,3.4466859879830523,0.976476427223678,1.6462011593578327
2026-05-30 12:00:00,BNBUSDT,BNBUSDT_029,BUY,0.7255217534335687,0.3560245357269035,PASS,694.738359,694.738359,-1.0579297536240109,-8.503289764267466,-8.503289764267466,0.0,0.0,False,0.0,7.326945656452204,1.3621750371782786,0.1651305693969816
2026-06-13 20:00:00,BTCUSDT,BTCUSDT_024,BUY,2.6076133540197617,0.3560245357269035,PASS,64477.347403,64477.347403,-1.078405920954537,-6.410807602200537,-6.410807602200537,0.0,0.0,False,0.0,-7.385433662684888,1.0100274138599237,1.3809371845018583
2026-06-14 20:00:00,BNBUSDT,BNBUSDT_030,BUY,1.9866552378815898,0.3560245357269035,PASS,616.9750369999999,616.9750369999999,-1.0898331597087394,-5.627176107792292,-5.627176107792292,0.0,0.0,False,0.0,-1.6512144764931074,0.8826806067357961,1.9988826834709836
2026-06-14 20:00:00,ETHUSDT,ETHUSDT_021,BUY,1.4739746468963446,0.3560245357269035,PASS,1726.147689,1726.147689,-1.0808476644610006,-6.983650818235203,-6.983650818235203,0.0,0.0,False,0.0,-9.071963208215514,0.9833732637710318,1.9988826834709836
2026-06-14 20:00:00,SOLUSDT,SOLUSDT_025,BUY,1.253066720263321,0.3560245357269035,PASS,71.31138700000001,71.31138700000001,-1.0549020108402904,-9.247099489465118,-9.247099489465118,0.0,0.0,False,0.0,-5.741389176696197,1.562249478916146,1.9988826834709836
2026-06-29 16:00:00,SOLUSDT,SOLUSDT_026,BUY,0.6116900706607108,0.3560245357269035,PASS,76.002794,76.002794,-1.0329288856321814,-9.508273741196788,-9.508273741196788,0.0,0.0,False,0.0,4.002437606845904,2.3718647764449297,1.5999854745460704
2026-07-01 12:00:00,SOLUSDT,SOLUSDT_027,BUY,0.5366028537688028,0.3560245357269035,PASS,77.45322900000001,77.45322900000001,0.3043102243803183,2.773321088646372,2.773321088646372,0.0,0.0,False,0.0,5.7586096750661495,2.4934964299551656,3.023466654699512
2026-07-02 12:00:00,ETHUSDT,ETHUSDT_022,BUY,0.7843438775207461,0.3560245357269035,PASS,1697.569118,1697.569118,0.3261811574802377,3.5245145432267044,3.5245145432267044,0.0,0.0,False,0.0,-2.188498016945226,2.0923282839549295,2.4369899488171907
2026-07-03 20:00:00,BNBUSDT,BNBUSDT_031,BUY,1.9573260925082252,0.3560245357269035,PASS,573.982143,573.982143,-0.6907495878647961,-5.037791039814901,-5.037791039814901,0.0,0.0,False,0.0,-2.455704135821855,1.2540238555818657,1.6622157244964293
2026-07-03 20:00:00,BTCUSDT,BTCUSDT_025,BUY,1.8612045507902208,0.3560245357269035,PASS,62602.034978,62602.034978,0.8545851534193989,6.583443342675213,6.583443342675213,0.0,0.0,False,0.0,-2.4206412921827045,1.3174894646633235,1.6622157244964293
2026-07-14 12:00:00,ETHUSDT,ETHUSDT_023,BUY,1.1469527772517787,0.3560245357269035,PASS,1875.782566,1875.782566,-1.0501065755762629,-10.808845734127251,-10.808845734127251,0.0,0.0,False,0.0,6.742761912595601,1.5715108474891333,3.3951573996043565
2026-07-30 08:00:00,BNBUSDT,BNBUSDT_032,BUY,1.92530942871328,0.3560245357269035,PASS,589.1767,589.1767,-1.073942955347834,-6.650482568065464,-6.650482568065464,0.0,0.0,False,0.0,2.371322284684611,1.070337133155472,0.4347708810473925
2026-08-05 00:00:00,BNBUSDT,BNBUSDT_033,BUY,2.644957914277475,0.3560245357269035,PASS,598.999646,598.999646,-1.096135180904014,-5.252011734771392,-5.252011734771392,0.0,0.0,False,0.0,3.4187648582314036,0.833915837840289,0.6007209089779056
2026-08-08 08:00:00,SOLUSDT,SOLUSDT_028,BUY,1.1794114469592571,0.3560245357269035,PASS,75.632683,75.632683,-0.6687856316264996,-4.049550629661717,-4.049550629661717,0.0,0.0,False,0.0,0.9717208919999653,1.0978835978835957,-0.0963094252835456
2026-08-11 20:00:00,BNBUSDT,BNBUSDT_034,BUY,1.0110726383406936,0.3560245357269035,PASS,616.875007,616.875007,-1.0972402919446302,-5.11619060107207,-5.11619060107207,0.0,0.0,False,0.0,5.2225325558080025,0.8159922906391938,-0.5784116650911919
2026-08-19 08:00:00,SOLUSDT,SOLUSDT_029,BUY,1.8667108339166996,0.3560245357269035,PASS,77.56326200000001,77.56326200000001,17.20796745868231,85.22417439821082,85.22417439821082,0.0,0.0,False,0.0,2.8122991116695824,0.9017223910840964,0.255535290023378
2026-08-19 12:00:00,BTCUSDT,BTCUSDT_026,BUY,1.5032030894648325,0.3560245357269035,PASS,68574.5662,68574.5662,5.714561690193152,38.251276569160495,38.251276569160495,0.0,0.0,False,0.0,6.989456651448575,1.1370754650140231,5.703394615624443
2026-08-19 12:00:00,ETHUSDT,ETHUSDT_024,BUY,1.663902174879761,0.3560245357269035,PASS,2086.4557489999997,2086.4557489999997,5.0730032481960565,45.464724205488615,45.464724205488615,0.0,0.0,False,0.0,10.972522665210391,1.381978123131528,5.703394615624443
2026-08-19 20:00:00,BNBUSDT,BNBUSDT_035,BUY,0.8034279836777987,0.3560245357269035,PASS,627.698253,627.698253,5.452662821813889,25.437576493108487,25.437576493108487,0.0,0.0,False,0.0,5.552200154425668,0.8208178811037756,7.1214215373187155
2026-09-03 12:00:00,BNBUSDT,BNBUSDT_036,BUY,0.7230459227001349,0.3560245357269035,PASS,727.8382859999999,727.8382859999999,-1.070123904866741,-7.407399152423497,-7.407399152423497,0.0,0.0,False,0.0,11.59311544716379,1.1861564681950647,5.2517448153669575
2026-09-03 16:00:00,BTCUSDT,BTCUSDT_027,BUY,0.45218352954875496,0.3560245357269035,PASS,81779.936623,81779.936623,-1.0590831773327365,-8.653571599685844,-8.653571599685844,0.0,0.0,False,0.0,13.071165126293444,1.3359378034694327,5.707080561049593
2026-09-05 04:00:00,BNBUSDT,BNBUSDT_037,BUY,1.7268358065625746,0.3560245357269035,PASS,738.4714749999999,738.4714749999999,-0.7203373222355055,-6.581604303201701,-6.581604303201701,0.0,0.0,False,0.0,12.066603120483869,1.5775724444874455,-1.1739979495856818
2026-09-11 12:00:00,ETHUSDT,ETHUSDT_025,BUY,1.5479896438109666,0.3560245357269035,PASS,2560.1978289999997,2560.1978289999997,-1.0417707193404486,-11.64286220307785,-11.64286220307785,0.0,0.0,False,0.0,10.572716818286768,1.883825241656312,0.6242718446601941
2026-09-18 12:00:00,BTCUSDT,BTCUSDT_028,BUY,0.9314899919697196,0.3560245357269035,PASS,80749.81768000001,80749.81768000001,1.0531220303139,7.923279790665923,7.923279790665923,0.0,0.0,False,0.0,6.8173973283258,1.2406482135601515,5.138824545607655
2026-09-18 12:00:00,SOLUSDT,SOLUSDT_030,BUY,0.6635035803375107,0.3560245357269035,PASS,111.183345,111.183345,1.4147806999164458,14.04919714733347,14.04919714733347,0.0,0.0,False,0.0,14.621252237431928,1.9227556069661345,5.138824545607655
2026-09-18 16:00:00,BNBUSDT,BNBUSDT_038,BUY,0.7438524879695143,0.3560245357269035,PASS,766.689938,766.689938,-1.0620845687238971,-7.772167915022759,-7.772167915022759,0.0,0.0,False,0.0,9.596853456493012,1.2721752323297064,6.0197266078639835
2026-09-21 08:00:00,BNBUSDT,BNBUSDT_039,BUY,0.6815511258956173,0.3560245357269035,PASS,790.83718,790.83718,-1.054743751349891,-8.59925494947711,-8.59925494947711,0.0,0.0,False,0.0,11.513141816016324,1.4289147439499723,5.458833789686588
2026-09-21 08:00:00,ETHUSDT,ETHUSDT_026,BUY,0.6860245995806117,0.3560245357269035,PASS,2726.197614,2726.197614,-1.053247383387039,-10.426368621265963,-10.426368621265963,0.0,0.0,False,0.0,13.012883277700302,1.480186773430283,5.458833789686588
